dataset,document_id,language,title,structure,source_text_preserved,source_links_preserved,source_card_titles
legacy,doc-m1-sec2,fa,طرح بیمه درمانی Medicare و تفاوت مدل‌های Bulk Billing با Mixed Billing,single-unit,True,True,طرح بیمه درمانی Medicare و تفاوت مدل‌های Bulk Billing با Mixed Billing
legacy,doc-m1-sec2,en,"Universal Health Insurance: Medicare, Bulk Billing vs Mixed Billing & Gap Fees",single-unit,True,True,"Universal Health Insurance: Medicare, Bulk Billing vs Mixed Billing & Gap Fees"
legacy,doc-m1-sec3,fa,سیر تعاملی بیمار X: ارجاع از GP به Phlebotomist، Specialist، داروخانه و اورژانس,single-unit,True,True,سیر تعاملی بیمار X: ارجاع از GP به Phlebotomist، Specialist، داروخانه و اورژانس
legacy,doc-m1-sec3,en,"Patient X Journey: GP, Phlebotomist, Endoc, SGLT2i, Allergy & Hospital ER",single-unit,True,True,"Patient X Journey: GP, Phlebotomist, Endoc, SGLT2i, Allergy & Hospital ER"
legacy,doc-m1-sec4,fa,ارکان سه‌گانه TGA و ثبت دفترچه ARTG: تفاوت داروی AUST R با AUST L,single-unit,True,True,ارکان سه‌گانه TGA و ثبت دفترچه ARTG: تفاوت داروی AUST R با AUST L
legacy,doc-m1-sec4,en,TGA 3 Pillars & ARTG Registration: AUST R vs AUST L Medicines Matrix,single-unit,True,True,TGA 3 Pillars & ARTG Registration: AUST R vs AUST L Medicines Matrix
legacy,doc-m1-sec5,fa,طرح یارانه‌ای PBS و نقش مستقل کمیته مشورتی PBAC در تایید داروها,single-unit,True,True,طرح یارانه‌ای PBS و نقش مستقل کمیته مشورتی PBAC در تایید داروها
legacy,doc-m1-sec5,en,Pharmaceutical Benefits Scheme (PBS) & Independent PBAC Role,single-unit,True,True,Pharmaceutical Benefits Scheme (PBS) & Independent PBAC Role
legacy,doc-m1-sec6,fa,کاهش هزینه‌های خانواده با طرح PBS Safety Net و کارت‌های حمایتی,single-unit,True,True,کاهش هزینه‌های خانواده با طرح PBS Safety Net و کارت‌های حمایتی
legacy,doc-m1-sec6,en,PBS Safety Net: Family Unit Accumulation & Entitlement/Concession Cards,single-unit,True,True,PBS Safety Net: Family Unit Accumulation & Entitlement/Concession Cards
legacy,doc-m1-sec7,fa,متولیان قانونی استرالیا: AHPRA، PBA، Guild، PSA، APC، SHPA، PDL و مجوز Section 90,single-unit,True,True,متولیان قانونی استرالیا: AHPRA، PBA، Guild، PSA، APC، SHPA، PDL و مجوز Section 90
legacy,doc-m1-sec7,en,"Key Stakeholders: AHPRA, PBA, Guild, PSA, APC, SHPA, PDL & Section 90 Approval",single-unit,True,True,"Key Stakeholders: AHPRA, PBA, Guild, PSA, APC, SHPA, PDL & Section 90 Approval"
legacy,doc-m1-sec8,fa,هرم راهنماهای داروسازی و ۵ جریان استانداردهای عملکرد حرفه‌ای (PPS),single-unit,True,True,هرم راهنماهای داروسازی و ۵ جریان استانداردهای عملکرد حرفه‌ای (PPS)
legacy,doc-m1-sec8,en,Hierarchy of Guidance & The 5 Streams of Professional Practice Standards (PPS),single-unit,True,True,Hierarchy of Guidance & The 5 Streams of Professional Practice Standards (PPS)
legacy,doc-m1-sec9,fa,انواع فرمت‌های معتبر نسخه در استرالیا (کامپیوترساز، دستی، الکترونیک و بیمارستانی),single-unit,True,True,انواع فرمت‌های معتبر نسخه در استرالیا (کامپیوترساز، دستی، الکترونیک و بیمارستانی)
legacy,doc-m1-sec9,en,"Australian Prescription Formats: Computerized, Handwritten, eScripts & Hospital",single-unit,True,True,"Australian Prescription Formats: Computerized, Handwritten, eScripts & Hospital"
legacy,doc-m1-sec10,fa,اکوسیستم سلامت دیجیتال: پایش بلادرنگ (RTPM)، ASL و پرونده My Health Record,single-unit,True,True,اکوسیستم سلامت دیجیتال: پایش بلادرنگ (RTPM)، ASL و پرونده My Health Record
legacy,doc-m1-sec10,en,"Digital Health: Active Script List (ASL), SafeScript RTPM & My Health Record",single-unit,True,True,"Digital Health: Active Script List (ASL), SafeScript RTPM & My Health Record"
legacy,doc-m1-sec11,fa,"شناخت مراجع بالینی ضروری (AMH, Don't Rush to Crush, APF, eTG, MIMS)",single-unit,True,True,"شناخت مراجع بالینی ضروری (AMH, Don't Rush to Crush, APF, eTG, MIMS)"
legacy,doc-m1-sec11,en,"Essential Clinical References: AMH, APF, eTG, MIMS & Don't Rush to Crush",single-unit,True,True,"Essential Clinical References: AMH, APF, eTG, MIMS & Don't Rush to Crush"
legacy,doc-m2-sec1,fa,هرم راهنماهای داروسازی و دو قانون اصلی (TGA Act و National Health Act),single-unit,True,True,هرم راهنماهای داروسازی و دو قانون اصلی (TGA Act و National Health Act)
legacy,doc-m2-sec1,en,"Hierarchy of Guidelines, Therapeutic Goods Act & National Health Act",single-unit,True,True,"Hierarchy of Guidelines, Therapeutic Goods Act & National Health Act"
legacy,doc-m2-sec2,fa,جدول‌بندی داروها (SUSMP): از فروش عمومی (Unscheduled) تا داروهای تحت کنترل (S8),single-unit,True,True,جدول‌بندی داروها (SUSMP): از فروش عمومی (Unscheduled) تا داروهای تحت کنترل (S8)
legacy,doc-m2-sec2,en,"Medicine Scheduling (SUSMP): Unscheduled, S2, S3, S4, and S8",single-unit,True,True,"Medicine Scheduling (SUSMP): Unscheduled, S2, S3, S4, and S8"
legacy,doc-m2-sec3,fa,تفاوت قوانین ایالتی: نحوه چیدمان داروهای S2 و الزامات ثبت S3 Pseudoephedrine,single-unit,True,True,تفاوت قوانین ایالتی: نحوه چیدمان داروهای S2 و الزامات ثبت S3 Pseudoephedrine
legacy,doc-m2-sec3,en,State Legislation Variations: S2 Storage Locations & S3 Pseudoephedrine Recording,single-unit,True,True,State Legislation Variations: S2 Storage Locations & S3 Pseudoephedrine Recording
legacy,doc-m2-sec4,fa,تفاوت قوانین ایالتی در داروهای S8: انبارگردانی فیزیکی و الزامات نسخه مجزا,single-unit,True,True,تفاوت قوانین ایالتی در داروهای S8: انبارگردانی فیزیکی و الزامات نسخه مجزا
legacy,doc-m2-sec4,en,State S8 Variations: Separate Prescriptions & Register Stocktake Frequencies,single-unit,True,True,State S8 Variations: Separate Prescriptions & Register Stocktake Frequencies
legacy,doc-m2-sec5,fa,اخلاق داروسازی، تعارض با قانون و مقررات تبلیغات دارویی TGA,single-unit,True,True,اخلاق داروسازی، تعارض با قانون و مقررات تبلیغات دارویی TGA
legacy,doc-m2-sec5,en,"Pharmacy Ethics, Conflict with Law & TGA Medicine Advertising Framework",single-unit,True,True,"Pharmacy Ethics, Conflict with Law & TGA Medicine Advertising Framework"
legacy,doc-m2-sec6,fa,سناریوی منقضی شدن نسخه، تحویل اضطراری (Emergency Supply) و Continued Dispensing,single-unit,True,True,سناریوی منقضی شدن نسخه، تحویل اضطراری (Emergency Supply) و Continued Dispensing
legacy,doc-m2-sec6,en,Expired Prescription Supply Options: Emergency Supply & Continued Dispensing,single-unit,True,True,Expired Prescription Supply Options: Emergency Supply & Continued Dispensing
legacy,doc-m3-sec1,fa,تشخیص و ارجاع انواع سرفه: خشک، خلط‌دار و علائم هشدار ارجاع (Red Flags),single-unit,True,True,تشخیص و ارجاع انواع سرفه: خشک، خلط‌دار و علائم هشدار ارجاع (Red Flags)
legacy,doc-m3-sec1,en,Cough Classification (Dry vs Chesty) & Red Flags for GP Referral,single-unit,True,True,Cough Classification (Dry vs Chesty) & Red Flags for GP Referral
legacy,doc-m3-sec2,fa,درمان دارویی سرفه: Antitussives، Mucolytics و فراخوان کشوری Pholcodine,single-unit,True,True,درمان دارویی سرفه: Antitussives، Mucolytics و فراخوان کشوری Pholcodine
legacy,doc-m3-sec2,en,"Cough Treatments: Antitussives, Mucolytics & Pholcodine Recall",single-unit,True,True,"Cough Treatments: Antitussives, Mucolytics & Pholcodine Recall"
legacy,doc-m3-sec3,fa,تب یونجه (Hay Fever)، آنتی‌هیستامین‌ها و اسپری‌های بینی استروئیدی,single-unit,True,True,تب یونجه (Hay Fever)، آنتی‌هیستامین‌ها و اسپری‌های بینی استروئیدی
legacy,doc-m3-sec3,en,"Allergic Rhinitis (Hay Fever), Oral Antihistamines & Corticosteroid Sprays",single-unit,True,True,"Allergic Rhinitis (Hay Fever), Oral Antihistamines & Corticosteroid Sprays"
legacy,doc-m3-sec4,fa,مسکن‌های OTC (استامینوفن، ایبوپروفن، دیکلوفناک) و پروتکل RICER,single-unit,True,True,مسکن‌های OTC (استامینوفن، ایبوپروفن، دیکلوفناک) و پروتکل RICER
legacy,doc-m3-sec4,en,"OTC Analgesics, Slow-Release Paracetamol S3 Change & RICER Soft Tissue Protocol",single-unit,True,True,"OTC Analgesics, Slow-Release Paracetamol S3 Change & RICER Soft Tissue Protocol"
legacy,doc-m3-sec5,fa,مدیریت مشکلات گوارشی: سوءهاضمه، ملین‌ها (Laxatives)، ORS و PPIs,single-unit,True,True,مدیریت مشکلات گوارشی: سوءهاضمه، ملین‌ها (Laxatives)، ORS و PPIs
legacy,doc-m3-sec5,en,"Gastrointestinal: Dyspepsia Red Flags, Laxative Classes, ORS & PPI Dosing",single-unit,True,True,"Gastrointestinal: Dyspepsia Red Flags, Laxative Classes, ORS & PPI Dosing"
legacy,doc-m3-sec6,fa,ترک سیگار، چارچوب 5A's، ارزیابی وابستگی به نیکوتین و فرآورده‌های NRT,single-unit,True,True,ترک سیگار، چارچوب 5A's، ارزیابی وابستگی به نیکوتین و فرآورده‌های NRT
legacy,doc-m3-sec6,en,"Smoking Cessation 5A's Framework, Nicotine Dependence Levels & NRT Formulations",single-unit,True,True,"Smoking Cessation 5A's Framework, Nicotine Dependence Levels & NRT Formulations"
legacy,doc-m3-sec7,fa,مدیریت تجمع جرم گوش (Cerumol)، درماتیت (Dermaid)، تینئا و عفونت قارچی,single-unit,True,True,مدیریت تجمع جرم گوش (Cerumol)، درماتیت (Dermaid)، تینئا و عفونت قارچی
legacy,doc-m3-sec7,en,"Ear Wax Buildup (Waxsol) & Skin Conditions (Dermatitis, Tinea, Hydrosole)",single-unit,True,True,"Ear Wax Buildup (Waxsol) & Skin Conditions (Dermatitis, Tinea, Hydrosole)"
legacy,doc-m3-sec8,fa,نقش، جایگاه و مسئولیت‌های قانونی دستیار/تکنیسین داروخانه در استرالیا,single-unit,True,True,نقش، جایگاه و مسئولیت‌های قانونی دستیار/تکنیسین داروخانه در استرالیا
legacy,doc-m3-sec8,en,Role & Responsibilities of the Pharmacy Assistant in Australia,single-unit,True,True,Role & Responsibilities of the Pharmacy Assistant in Australia
legacy,doc-m4-sec1,fa,اهمیت حیاتی مشاوره دارویی، حقوق بیمار و جلوگیری از خطای دیسپنس,single-unit,True,True,اهمیت حیاتی مشاوره دارویی، حقوق بیمار و جلوگیری از خطای دیسپنس
legacy,doc-m4-sec1,en,"Integral Role of Counseling, Patient Rights & Dispensing Error Detection",single-unit,True,True,"Integral Role of Counseling, Patient Rights & Dispensing Error Detection"
legacy,doc-m4-sec2,fa,نحوه پرسشگری بدون قضاوت، ارزیابی Adherence و راهکارهای DAAs,single-unit,True,True,نحوه پرسشگری بدون قضاوت، ارزیابی Adherence و راهکارهای DAAs
legacy,doc-m4-sec2,en,"Non-Judgmental Adherence Assessment, Questioning Techniques & DAAs",single-unit,True,True,"Non-Judgmental Adherence Assessment, Questioning Techniques & DAAs"
legacy,doc-m4-sec3,fa,جزئیات دقیق مستندسازی BPMH: هفت مشخصه الزامی لیست داروها,single-unit,True,True,جزئیات دقیق مستندسازی BPMH: هفت مشخصه الزامی لیست داروها
legacy,doc-m4-sec3,en,Best Possible Medication History (BPMH): The 7 Mandatory Medication Details,single-unit,True,True,Best Possible Medication History (BPMH): The 7 Mandatory Medication Details
legacy,doc-m4-sec4,fa,تاییدیه بورد (PBA) بر راهنماهای مشاوره PSA و SHPA و استفاده از CMI,single-unit,True,True,تاییدیه بورد (PBA) بر راهنماهای مشاوره PSA و SHPA و استفاده از CMI
legacy,doc-m4-sec4,en,"PBA Endorsed Guidelines: PSA, SHPA & Consumer Medicines Information (CMI)",single-unit,True,True,"PBA Endorsed Guidelines: PSA, SHPA & Consumer Medicines Information (CMI)"
legacy,doc-m5-sec1,fa,تفاوت داده‌های اپیدمیولوژیک و شواهد اثربخشی در مقدمه گزارش,single-unit,True,True,تفاوت داده‌های اپیدمیولوژیک و شواهد اثربخشی در مقدمه گزارش
legacy,doc-m5-sec1,en,Epidemiological Data vs Evidence of Efficacy in Report Introductions,single-unit,True,True,Epidemiological Data vs Evidence of Efficacy in Report Introductions
legacy,doc-m5-sec2,fa,روند مرور ادبیات تحقیق (Literature Review)، کلمات غیرقابل‌تغییر و یادداشت‌برداری,single-unit,True,True,روند مرور ادبیات تحقیق (Literature Review)، کلمات غیرقابل‌تغییر و یادداشت‌برداری
legacy,doc-m5-sec2,en,"Literature Review Process, Unchangeable Terms & Note-taking Brackets",single-unit,True,True,"Literature Review Process, Unchangeable Terms & Note-taking Brackets"
legacy,doc-m5-sec3,fa,استفاده از قانون TED برای نگارش پاراگراف‌های علمی,single-unit,True,True,استفاده از قانون TED برای نگارش پاراگراف‌های علمی
legacy,doc-m5-sec3,en,"TED Paragraph Structure: Topic, Explanation & Discussion",single-unit,True,True,"TED Paragraph Structure: Topic, Explanation & Discussion"
legacy,doc-m5-sec4,fa,تفاوت خلاصه‌سازی، پارافریز (Paraphrasing)، کوتیشن مستقیم و بیان محدودیت‌ها,single-unit,True,True,تفاوت خلاصه‌سازی، پارافریز (Paraphrasing)، کوتیشن مستقیم و بیان محدودیت‌ها
legacy,doc-m5-sec4,en,"Summarizing, Paraphrasing, Direct Quoting Rules & Declaring Limitations",single-unit,True,True,"Summarizing, Paraphrasing, Direct Quoting Rules & Declaring Limitations"
legacy,doc-m6-sec1,fa,آشنایی با محیط داروخانه: Banner Group، داروخانه مستقل و چیدمان,single-unit,True,True,آشنایی با محیط داروخانه: Banner Group، داروخانه مستقل و چیدمان
legacy,doc-m6-sec1,en,"Pharmacy Environment: Banner Groups, Independent & Layout",single-unit,True,True,"Pharmacy Environment: Banner Groups, Independent & Layout"
legacy,doc-m6-sec2,fa,ورود اطلاعات در Fred Dispense: کد داروی PBS، برند معادل (A-Flag) و دستورات,single-unit,True,True,ورود اطلاعات در Fred Dispense: کد داروی PBS، برند معادل (A-Flag) و دستورات
legacy,doc-m6-sec2,en,"Fred Dispense Entry: PBS Codes, A-Flag Equivalents & Script Instructions",single-unit,True,True,"Fred Dispense Entry: PBS Codes, A-Flag Equivalents & Script Instructions"
legacy,doc-m6-sec3,fa,الزامات قانونی و بالینی پیش از دیسپنس: بررسی سایت PBS و تداخلات,single-unit,True,True,الزامات قانونی و بالینی پیش از دیسپنس: بررسی سایت PBS و تداخلات
legacy,doc-m6-sec3,en,"Legal & Clinical Considerations: State Poison Regs, PBS Website & Interactions",single-unit,True,True,"Legal & Clinical Considerations: State Poison Regs, PBS Website & Interactions"
legacy,doc-m6-sec4,fa,مراحل تحویل نهایی، یادداشت‌های ضمیمه و تایید ۲ شناسه هویتی,single-unit,True,True,مراحل تحویل نهایی، یادداشت‌های ضمیمه و تایید ۲ شناسه هویتی
legacy,doc-m6-sec4,en,"Final Handout, Attached Notes & 2-Identifier Verification",single-unit,True,True,"Final Handout, Attached Notes & 2-Identifier Verification"
legacy,doc-disease-acne,fa,آکنه و جوش صورت (Acne),single-unit,True,True,آکنه و جوش صورت (Acne)
legacy,doc-disease-acne,en,Acne Clinical Guide,single-unit,True,True,Acne Clinical Guide
legacy,doc-disease-anal_fissure,fa,شقاق مقعدی (Anal Fissure),single-unit,True,True,شقاق مقعدی (Anal Fissure)
legacy,doc-disease-anal_fissure,en,Anal Fissure Clinical Guide,single-unit,True,True,Anal Fissure Clinical Guide
legacy,doc-disease-blepharitis,fa,بلفاریت / التهاب لبه پلک (Blepharitis),single-unit,True,True,بلفاریت / التهاب لبه پلک (Blepharitis)
legacy,doc-disease-blepharitis,en,Blepharitis Clinical Guide,single-unit,True,True,Blepharitis Clinical Guide
legacy,doc-disease-burns_sunburn,fa,سوختگی سطحی و آفتابسوختگی (Burns & Sunburn),single-unit,True,True,سوختگی سطحی و آفتابسوختگی (Burns & Sunburn)
legacy,doc-disease-burns_sunburn,en,Burns & Sunburn Clinical Guide,single-unit,True,True,Burns & Sunburn Clinical Guide
legacy,doc-disease-chilblains,fa,تورم و قرمزی ناشی از سرما (Chilblains / Pernio),single-unit,True,True,تورم و قرمزی ناشی از سرما (Chilblains / Pernio)
legacy,doc-disease-chilblains,en,Chilblains / Pernio Clinical Guide,single-unit,True,True,Chilblains / Pernio Clinical Guide
legacy,doc-disease-chickenpox,fa,آبلهمرغان (Chickenpox / Varicella),single-unit,True,True,آبلهمرغان (Chickenpox / Varicella)
legacy,doc-disease-chickenpox,en,Chickenpox / Varicella Clinical Guide,single-unit,True,True,Chickenpox / Varicella Clinical Guide
legacy,doc-disease-cold_sores,fa,تبخال لب (Recurrent Cold Sores / Herpes Labialis),single-unit,True,True,تبخال لب (Recurrent Cold Sores / Herpes Labialis)
legacy,doc-disease-cold_sores,en,Recurrent Cold Sores / Herpes Labialis Clinical Guide,single-unit,True,True,Recurrent Cold Sores / Herpes Labialis Clinical Guide
legacy,doc-disease-bacterial_conjunctivitis,fa,کنژنکتیویت باکتریایی / عفونت چشم (Bacterial Conjunctivitis),single-unit,True,True,کنژنکتیویت باکتریایی / عفونت چشم (Bacterial Conjunctivitis)
legacy,doc-disease-bacterial_conjunctivitis,en,Bacterial Conjunctivitis Clinical Guide,single-unit,True,True,Bacterial Conjunctivitis Clinical Guide
legacy,doc-disease-constipation,fa,یبوست (Constipation),single-unit,True,True,یبوست (Constipation)
legacy,doc-disease-constipation,en,Constipation Clinical Guide,single-unit,True,True,Constipation Clinical Guide
legacy,doc-disease-corns_calluses,fa,میخچه و پینه پا (Corns & Calluses),single-unit,True,True,میخچه و پینه پا (Corns & Calluses)
legacy,doc-disease-corns_calluses,en,Corns & Calluses Clinical Guide,single-unit,True,True,Corns & Calluses Clinical Guide
legacy,doc-disease-chesty_cough,fa,سرفه خلطدار (Chesty Cough),single-unit,True,True,سرفه خلطدار (Chesty Cough)
legacy,doc-disease-chesty_cough,en,Chesty Cough Clinical Guide,single-unit,True,True,Chesty Cough Clinical Guide
legacy,doc-disease-dry_cough,fa,سرفه خشک (Dry Cough),single-unit,True,True,سرفه خشک (Dry Cough)
legacy,doc-disease-dry_cough,en,Dry Cough Clinical Guide,single-unit,True,True,Dry Cough Clinical Guide
legacy,doc-disease-cradle_cap,fa,کلاه گهواره / شوره نوزادی (Cradle Cap / Infantile Seborrhoeic Dermatitis),single-unit,True,True,کلاه گهواره / شوره نوزادی (Cradle Cap / Infantile Seborrhoeic Dermatitis)
legacy,doc-disease-cradle_cap,en,Cradle Cap / Infantile Seborrhoeic Dermatitis Clinical Guide,single-unit,True,True,Cradle Cap / Infantile Seborrhoeic Dermatitis Clinical Guide
legacy,doc-disease-diarrhoea,fa,اسهال حاد (Diarrhoea),single-unit,True,True,اسهال حاد (Diarrhoea)
legacy,doc-disease-diarrhoea,en,Diarrhoea Clinical Guide,single-unit,True,True,Diarrhoea Clinical Guide
legacy,doc-disease-dry_eyes,fa,خشکی چشم (Dry Eyes),single-unit,True,True,خشکی چشم (Dry Eyes)
legacy,doc-disease-dry_eyes,en,Dry Eyes Clinical Guide,single-unit,True,True,Dry Eyes Clinical Guide
legacy,doc-disease-dry_mouth,fa,خشکی دهان (Dry Mouth / Xerostomia),single-unit,True,True,خشکی دهان (Dry Mouth / Xerostomia)
legacy,doc-disease-dry_mouth,en,Dry Mouth / Xerostomia Clinical Guide,single-unit,True,True,Dry Mouth / Xerostomia Clinical Guide
legacy,doc-disease-ear_wax,fa,جرم و موم گوش (Impacted Ear Wax),single-unit,True,True,جرم و موم گوش (Impacted Ear Wax)
legacy,doc-disease-ear_wax,en,Impacted Ear Wax Clinical Guide,single-unit,True,True,Impacted Ear Wax Clinical Guide
legacy,doc-disease-eczema,fa,اگزما و درماتیت آتوپیک (Eczema / Atopic Dermatitis),single-unit,True,True,اگزما و درماتیت آتوپیک (Eczema / Atopic Dermatitis)
legacy,doc-disease-eczema,en,Eczema / Atopic Dermatitis Clinical Guide,single-unit,True,True,Eczema / Atopic Dermatitis Clinical Guide
legacy,doc-disease-gord_heartburn,fa,ریفلاکس معده و سوزش سر دل (GORD / Heartburn),single-unit,True,True,ریفلاکس معده و سوزش سر دل (GORD / Heartburn)
legacy,doc-disease-gord_heartburn,en,GORD / Heartburn Clinical Guide,single-unit,True,True,GORD / Heartburn Clinical Guide
legacy,doc-disease-haemorrhoids,fa,بواسیر و هموروئید (Haemorrhoids / Piles),single-unit,True,True,بواسیر و هموروئید (Haemorrhoids / Piles)
legacy,doc-disease-haemorrhoids,en,Haemorrhoids / Piles Clinical Guide,single-unit,True,True,Haemorrhoids / Piles Clinical Guide
legacy,doc-disease-hayfever,fa,تب یونجه و رینیت آلرژیک (Hayfever / Allergic Rhinitis),single-unit,True,True,تب یونجه و رینیت آلرژیک (Hayfever / Allergic Rhinitis)
legacy,doc-disease-hayfever,en,Hayfever / Allergic Rhinitis Clinical Guide,single-unit,True,True,Hayfever / Allergic Rhinitis Clinical Guide
legacy,doc-disease-headlice,fa,شپش سر (Head Lice / Pediculosis),single-unit,True,True,شپش سر (Head Lice / Pediculosis)
legacy,doc-disease-headlice,en,Head Lice / Pediculosis Clinical Guide,single-unit,True,True,Head Lice / Pediculosis Clinical Guide
legacy,doc-disease-motion_sickness,fa,بیماری حرکت و دریازدگی (Motion Sickness),single-unit,True,True,بیماری حرکت و دریازدگی (Motion Sickness)
legacy,doc-disease-motion_sickness,en,Motion Sickness Clinical Guide,single-unit,True,True,Motion Sickness Clinical Guide
legacy,doc-disease-mouth_ulcers,fa,آفت و زخم دهان (Mouth Ulcers / Aphthous Stomatitis),single-unit,True,True,آفت و زخم دهان (Mouth Ulcers / Aphthous Stomatitis)
legacy,doc-disease-mouth_ulcers,en,Mouth Ulcers / Aphthous Stomatitis Clinical Guide,single-unit,True,True,Mouth Ulcers / Aphthous Stomatitis Clinical Guide
legacy,doc-disease-nappy_rash,fa,سوختگی پای نوزاد و راش کهنه (Nappy Rash),single-unit,True,True,سوختگی پای نوزاد و راش کهنه (Nappy Rash)
legacy,doc-disease-nappy_rash,en,Nappy Rash Clinical Guide,single-unit,True,True,Nappy Rash Clinical Guide
legacy,doc-disease-nasal_congestion,fa,احتقان و گرفتگی بینی (Nasal Congestion),single-unit,True,True,احتقان و گرفتگی بینی (Nasal Congestion)
legacy,doc-disease-nasal_congestion,en,Nasal Congestion Clinical Guide,single-unit,True,True,Nasal Congestion Clinical Guide
legacy,doc-disease-pain_relief,fa,مسکن‌ها و تسکین درد حاد (Acute Pain Relief),single-unit,True,True,مسکن‌ها و تسکین درد حاد (Acute Pain Relief)
legacy,doc-disease-pain_relief,en,Acute Pain Relief Clinical Guide,single-unit,True,True,Acute Pain Relief Clinical Guide
legacy,doc-disease-scabies,fa,گال / جرب (Scabies),single-unit,True,True,گال / جرب (Scabies)
legacy,doc-disease-scabies,en,Scabies Clinical Guide,single-unit,True,True,Scabies Clinical Guide
legacy,doc-disease-seborrhoeic_dermatitis,fa,درماتیت سبورئیک و شوره سر (Seborrhoeic Dermatitis & Dandruff),single-unit,True,True,درماتیت سبورئیک و شوره سر (Seborrhoeic Dermatitis & Dandruff)
legacy,doc-disease-seborrhoeic_dermatitis,en,Seborrhoeic Dermatitis & Dandruff Clinical Guide,single-unit,True,True,Seborrhoeic Dermatitis & Dandruff Clinical Guide
legacy,doc-disease-shingles,fa,زونا (Shingles / Herpes Zoster),single-unit,True,True,زونا (Shingles / Herpes Zoster)
legacy,doc-disease-shingles,en,Shingles / Herpes Zoster Clinical Guide,single-unit,True,True,Shingles / Herpes Zoster Clinical Guide
legacy,doc-disease-smoking_cessation,fa,ترک سیگار و درمان جایگزین نیکوتین (Smoking Cessation & NRT),single-unit,True,True,ترک سیگار و درمان جایگزین نیکوتین (Smoking Cessation & NRT)
legacy,doc-disease-smoking_cessation,en,Smoking Cessation & NRT Clinical Guide,single-unit,True,True,Smoking Cessation & NRT Clinical Guide
legacy,doc-disease-sore_throat,fa,گلودرد و فارنژیت (Sore Throat / Pharyngitis),single-unit,True,True,گلودرد و فارنژیت (Sore Throat / Pharyngitis)
legacy,doc-disease-sore_throat,en,Sore Throat / Pharyngitis Clinical Guide,single-unit,True,True,Sore Throat / Pharyngitis Clinical Guide
legacy,doc-disease-stings_bites,fa,نیش زنبور و حشرات (Bee & Wasp Stings / Insect Bites),single-unit,True,True,نیش زنبور و حشرات (Bee & Wasp Stings / Insect Bites)
legacy,doc-disease-stings_bites,en,Bee & Wasp Stings / Insect Bites Clinical Guide,single-unit,True,True,Bee & Wasp Stings / Insect Bites Clinical Guide
legacy,doc-disease-stye,fa,گل‌مژه (Stye / External Hordeolum),single-unit,True,True,گل‌مژه (Stye / External Hordeolum)
legacy,doc-disease-stye,en,Stye / External Hordeolum Clinical Guide,single-unit,True,True,Stye / External Hordeolum Clinical Guide
legacy,doc-disease-swimmers_ear,fa,گوش‌درد شناگر و التهاب گوش خارجی (Swimmer's Ear / Otitis Externa),single-unit,True,True,گوش‌درد شناگر و التهاب گوش خارجی (Swimmer's Ear / Otitis Externa)
legacy,doc-disease-swimmers_ear,en,Swimmer's Ear / Otitis Externa Clinical Guide,single-unit,True,True,Swimmer's Ear / Otitis Externa Clinical Guide
legacy,doc-disease-teething,fa,دندان درآوردن شیرخواران (Teething),single-unit,True,True,دندان درآوردن شیرخواران (Teething)
legacy,doc-disease-teething,en,Teething Clinical Guide,single-unit,True,True,Teething Clinical Guide
legacy,doc-disease-oral_thrush,fa,برفک دهان (Oral Thrush / Candidiasis),single-unit,True,True,برفک دهان (Oral Thrush / Candidiasis)
legacy,doc-disease-oral_thrush,en,Oral Thrush / Candidiasis Clinical Guide,single-unit,True,True,Oral Thrush / Candidiasis Clinical Guide
legacy,doc-disease-vaginal_thrush,fa,عفونت قارچی واژن (Vaginal Thrush / Candidiasis),single-unit,True,True,عفونت قارچی واژن (Vaginal Thrush / Candidiasis)
legacy,doc-disease-vaginal_thrush,en,Vaginal Thrush / Candidiasis Clinical Guide,single-unit,True,True,Vaginal Thrush / Candidiasis Clinical Guide
legacy,doc-disease-tinea_infections,fa,قارچ‌های پوستی تینیا (Tinea / Athlete's Foot / Ringworm / Jock Itch),single-unit,True,True,قارچ‌های پوستی تینیا (Tinea / Athlete's Foot / Ringworm / Jock Itch)
legacy,doc-disease-tinea_infections,en,Tinea / Athlete's Foot / Ringworm / Jock Itch Clinical Guide,single-unit,True,True,Tinea / Athlete's Foot / Ringworm / Jock Itch Clinical Guide
legacy,doc-disease-tinea_versicolor,fa,تینیا ورسیکالر / قارچ رنگارنگ (Tinea Versicolor / Pityriasis Versicolor),single-unit,True,True,تینیا ورسیکالر / قارچ رنگارنگ (Tinea Versicolor / Pityriasis Versicolor)
legacy,doc-disease-tinea_versicolor,en,Tinea Versicolor / Pityriasis Versicolor Clinical Guide,single-unit,True,True,Tinea Versicolor / Pityriasis Versicolor Clinical Guide
legacy,doc-disease-uti_cystitis,fa,عفونت ادراری و سوزش مثانه (UTI / Cystitis),single-unit,True,True,عفونت ادراری و سوزش مثانه (UTI / Cystitis)
legacy,doc-disease-uti_cystitis,en,UTI / Cystitis Clinical Guide,single-unit,True,True,UTI / Cystitis Clinical Guide
legacy,doc-disease-warts,fa,زگیل و زگیل کف پا (Warts & Verrucas),single-unit,True,True,زگیل و زگیل کف پا (Warts & Verrucas)
legacy,doc-disease-warts,en,Warts & Verrucas Clinical Guide,single-unit,True,True,Warts & Verrucas Clinical Guide
legacy,doc-disease-worms_pinworms,fa,کرمک و انگل روده (Pinworms / Threadworms),single-unit,True,True,کرمک و انگل روده (Pinworms / Threadworms)
legacy,doc-disease-worms_pinworms,en,Pinworms / Threadworms Clinical Guide,single-unit,True,True,Pinworms / Threadworms Clinical Guide
legacy,doc-cyp-cyp3a4,fa,سیتوکروم CYP3A4 (اصلی‌ترین مسیر متابولیسم بیش از ۵۰٪ داروها),single-unit,True,True,سیتوکروم CYP3A4 (اصلی‌ترین مسیر متابولیسم بیش از ۵۰٪ داروها)
legacy,doc-cyp-cyp3a4,en,Cytochrome CYP3A4 (Major pathway for >50% of all prescription drugs),single-unit,True,True,Cytochrome CYP3A4 (Major pathway for >50% of all prescription drugs)
legacy,doc-cyp-cyp2d6,fa,سیتوکروم CYP2D6 (پلی‌مورفیسم ژنتیکی و پیش‌داروها),single-unit,True,True,سیتوکروم CYP2D6 (پلی‌مورفیسم ژنتیکی و پیش‌داروها)
legacy,doc-cyp-cyp2d6,en,Cytochrome CYP2D6 (Genetic Polymorphism & Prodrug Activation),single-unit,True,True,Cytochrome CYP2D6 (Genetic Polymorphism & Prodrug Activation)
legacy,doc-cyp-cyp2c9,fa,سیتوکروم CYP2C9 (محور وارفارین، فنی‌توئین و ضدالتهاب‌ها),single-unit,True,True,سیتوکروم CYP2C9 (محور وارفارین، فنی‌توئین و ضدالتهاب‌ها)
legacy,doc-cyp-cyp2c9,en,"Cytochrome CYP2C9 (Warfarin, Phenytoin & NSAID clearance)",single-unit,True,True,"Cytochrome CYP2C9 (Warfarin, Phenytoin & NSAID clearance)"
legacy,doc-cyp-cyp2c19,fa,سیتوکروم CYP2C19 (فعال‌سازی کلوپیدوگرل و متابولیسم PPIها),single-unit,True,True,سیتوکروم CYP2C19 (فعال‌سازی کلوپیدوگرل و متابولیسم PPIها)
legacy,doc-cyp-cyp2c19,en,Cytochrome CYP2C19 (Clopidogrel Bioactivation & PPI Metabolism),single-unit,True,True,Cytochrome CYP2C19 (Clopidogrel Bioactivation & PPI Metabolism)
legacy,doc-cyp-cyp1a2,fa,سیتوکروم CYP1A2 (تئوفیلین، کلوزاپین و القای دود سیگار),single-unit,True,True,سیتوکروم CYP1A2 (تئوفیلین، کلوزاپین و القای دود سیگار)
legacy,doc-cyp-cyp1a2,en,"Cytochrome CYP1A2 (Theophylline, Clozapine & Tobacco Smoke Induction)",single-unit,True,True,"Cytochrome CYP1A2 (Theophylline, Clozapine & Tobacco Smoke Induction)"
legacy,doc-cyp-p-gp,fa,ناقل پی-گلیکوپروتئین P-gp (تلمبه برون‌ریزنده دارو در روده، کلیه و سد خونی-مغزی),single-unit,True,True,ناقل پی-گلیکوپروتئین P-gp (تلمبه برون‌ریزنده دارو در روده، کلیه و سد خونی-مغزی)
legacy,doc-cyp-p-gp,en,"P-glycoprotein Efflux Pump (Intestine, Kidney, Liver & Blood-Brain Barrier)",single-unit,True,True,"P-glycoprotein Efflux Pump (Intestine, Kidney, Liver & Blood-Brain Barrier)"
legacy,doc-case-cough-triage,fa,"B5. سرفه مزمن، خلط خونی و تنگی نفس (Chronic Cough >8wks, Hemoptysis & Dyspnea)",single-unit,True,True,"B5. سرفه مزمن، خلط خونی و تنگی نفس (Chronic Cough >8wks, Hemoptysis & Dyspnea)"
legacy,doc-case-cough-triage,en,"B5. Chronic Cough, Hemoptysis & Dyspnea Triage",single-unit,True,True,"B5. Chronic Cough, Hemoptysis & Dyspnea Triage"
legacy,doc-case-hayfever-triage,fa,۲. آلرژی فصلی، رانندگان و تمایز Telfast در برابر اسپری Rhinocort (Allergic Rhinitis),single-unit,True,True,۲. آلرژی فصلی، رانندگان و تمایز Telfast در برابر اسپری Rhinocort (Allergic Rhinitis)
legacy,doc-case-hayfever-triage,en,2. Allergic Rhinitis: Telfast vs INCS Rhinocort Triage,single-unit,True,True,2. Allergic Rhinitis: Telfast vs INCS Rhinocort Triage
legacy,doc-case-s3-pseudoephedrine,fa,۳. احتقان شدید و سودوافدرین S3 با استعلام Project Stop (Pseudoephedrine S3),single-unit,True,True,۳. احتقان شدید و سودوافدرین S3 با استعلام Project Stop (Pseudoephedrine S3)
legacy,doc-case-s3-pseudoephedrine,en,3. Pseudoephedrine S3 & Project Stop Real-Time Verification,single-unit,True,True,3. Pseudoephedrine S3 & Project Stop Real-Time Verification
legacy,doc-case-coldsore-triage,fa,۴. تبخال لب در مرحله اولیه و کرم آکلوویر ۵٪ (Cold Sore / Herpes Labialis),single-unit,True,True,۴. تبخال لب در مرحله اولیه و کرم آکلوویر ۵٪ (Cold Sore / Herpes Labialis)
legacy,doc-case-coldsore-triage,en,4. Cold Sore Prodromal Triage & Acyclovir 5% Regimen,single-unit,True,True,4. Cold Sore Prodromal Triage & Acyclovir 5% Regimen
legacy,doc-case-chickenpox-advisory,fa,۵. آبله‌مرغان کودک، منع حمام گرم/روغن و منع ایبوپروفن (Chickenpox Bath & Fever Advisory),single-unit,True,True,۵. آبله‌مرغان کودک، منع حمام گرم/روغن و منع ایبوپروفن (Chickenpox Bath & Fever Advisory)
legacy,doc-case-chickenpox-advisory,en,"5. Pediatric Chickenpox: Bathing, Oil & NSAID Contraindications",single-unit,True,True,"5. Pediatric Chickenpox: Bathing, Oil & NSAID Contraindications"
legacy,doc-case-hydrocortisone-triage,fa,۶. تریاژ کورتون‌های موضعی: Dermaid 0.5% در برابر Dermaid 1% و Hydrozole S3 (Topical Steroids),single-unit,True,True,۶. تریاژ کورتون‌های موضعی: Dermaid 0.5% در برابر Dermaid 1% و Hydrozole S3 (Topical Steroids)
legacy,doc-case-hydrocortisone-triage,en,6. Topical Hydrocortisone Triage: Dermaid 0.5% vs 1% vs Hydrozole S3,single-unit,True,True,6. Topical Hydrocortisone Triage: Dermaid 0.5% vs 1% vs Hydrozole S3
legacy,doc-case-pinworm-triage,fa,۷. انگل کرمک کودکان، مبندازول و تکرار الزامی دوز بعد ۲ هفته (Pinworm / Threadworm Protocol),single-unit,True,True,۷. انگل کرمک کودکان، مبندازول و تکرار الزامی دوز بعد ۲ هفته (Pinworm / Threadworm Protocol)
legacy,doc-case-pinworm-triage,en,7. Pediatric Pinworm: Mebendazole Single & 2-Week Repeat Dose Protocol,single-unit,True,True,7. Pediatric Pinworm: Mebendazole Single & 2-Week Repeat Dose Protocol
legacy,doc-case-thrush-triage,fa,۸. کاندیدیازیس واژینال، فلوکونازول و پرچم قرمز بارداری (Vaginal Candidiasis & Pregnancy Red Flag),single-unit,True,True,۸. کاندیدیازیس واژینال، فلوکونازول و پرچم قرمز بارداری (Vaginal Candidiasis & Pregnancy Red Flag)
legacy,doc-case-thrush-triage,en,8. Vaginal Thrush: Oral Fluconazole S3 vs Pregnancy Red Flag Triage,single-unit,True,True,8. Vaginal Thrush: Oral Fluconazole S3 vs Pregnancy Red Flag Triage
legacy,doc-case-shingrix-vaccine,fa,۹. واکسن زونا شینگریکس و فواصل دوزینگ در افراد سالم و نقص ایمنی (Shingrix Zoster Vaccine),single-unit,True,True,۹. واکسن زونا شینگریکس و فواصل دوزینگ در افراد سالم و نقص ایمنی (Shingrix Zoster Vaccine)
legacy,doc-case-shingrix-vaccine,en,9. Shingrix Zoster Vaccine Schedule Advisory,single-unit,True,True,9. Shingrix Zoster Vaccine Schedule Advisory
legacy,doc-case-ear-triage,fa,۱۰. درد گوش و پارگی پرده گوش (Ear Pain & TM Perforation Contraindication),single-unit,True,True,۱۰. درد گوش و پارگی پرده گوش (Ear Pain & TM Perforation Contraindication)
legacy,doc-case-ear-triage,en,10. Ear Pain & Tympanic Perforation,single-unit,True,True,10. Ear Pain & Tympanic Perforation
legacy,doc-case-dyspepsia-triage,fa,"۱۱. سوزش معده، گیر کردن غذا در گلو و مدفوع تیره (Dyspepsia, Dysphagia & Melena)",single-unit,True,True,"۱۱. سوزش معده، گیر کردن غذا در گلو و مدفوع تیره (Dyspepsia, Dysphagia & Melena)"
legacy,doc-case-dyspepsia-triage,en,"11. Dyspepsia, Dysphagia & Melena Triage",single-unit,True,True,"11. Dyspepsia, Dysphagia & Melena Triage"
legacy,doc-case-sunburn-triage,fa,۱۲. آفتاب‌سوختگی شدید، تاول‌های وسیع و تب (Severe Sunburn & Systemic Toxicity),single-unit,True,True,۱۲. آفتاب‌سوختگی شدید، تاول‌های وسیع و تب (Severe Sunburn & Systemic Toxicity)
legacy,doc-case-sunburn-triage,en,12. Severe Sunburn & Systemic Toxicity,single-unit,True,True,12. Severe Sunburn & Systemic Toxicity
current,doc-disease-acne,fa,آکنه و جوش صورت (Acne Vulgaris),source-topics,True,True,"نام متداول و برند اصلی در استرالیا و جهان: | علائم و نشانه‌های تشخیصی: | 💊
      درمان دارویی خط اول (First-line OTC Pharmacotherapy): | 💊 فرآورده‌ها و داروهای قفسه داروخانه (Linked Shelf Products): | ⚠️
      علائم خطر و معیارهای ارجاع فوری به پزشک (Red Flags): | 🌿
      مراقبت‌های غیردارویی و توصیه‌های سبک زندگی: | 💡
      نکات کلیدی و مرواریدهای بالینی داروساز:"
current,doc-disease-acne,en,Acne Vulgaris - OTC Clinical Protocol,source-topics,True,True,Common Condition & Benchmark Originator Brand: | Key Diagnostic Symptoms: | 💊 First-line Pharmacotherapy: | 💊 Linked Shelf Products & Brands: | ⚠️ Red Flags & Urgent Referral:
current,doc-disease-anal_fissure,fa,شقاق و زخم مقعدی (Anal Fissure),source-topics,True,True,"نام متداول و برند اصلی در استرالیا و جهان: | علائم و نشانه‌های تشخیصی: | 💊
      درمان دارویی خط اول (First-line OTC Pharmacotherapy): | 💊 فرآورده‌ها و داروهای قفسه داروخانه (Linked Shelf Products): | ⚠️
      علائم خطر و معیارهای ارجاع فوری به پزشک (Red Flags): | 🌿
      مراقبت‌های غیردارویی و توصیه‌های سبک زندگی: | 💡
      نکات کلیدی و مرواریدهای بالینی داروساز:"
current,doc-disease-anal_fissure,en,Anal Fissure - OTC Clinical Protocol,source-topics,True,True,Common Condition & Benchmark Originator Brand: | Key Diagnostic Symptoms: | 💊 First-line Pharmacotherapy: | 💊 Linked Shelf Products & Brands: | ⚠️ Red Flags & Urgent Referral:
current,doc-disease-blepharitis,fa,بلفاریت و التهاب لبه پلک (Blepharitis),source-topics,True,True,"نام متداول و برند اصلی در استرالیا و جهان: | علائم و نشانه‌های تشخیصی: | 💊
      درمان دارویی خط اول (First-line OTC Pharmacotherapy): | 💊 فرآورده‌ها و داروهای قفسه داروخانه (Linked Shelf Products): | ⚠️
      علائم خطر و معیارهای ارجاع فوری به پزشک (Red Flags): | 🌿
      مراقبت‌های غیردارویی و توصیه‌های سبک زندگی: | 💡
      نکات کلیدی و مرواریدهای بالینی داروساز:"
current,doc-disease-blepharitis,en,Blepharitis - OTC Clinical Protocol,source-topics,True,True,Common Condition & Benchmark Originator Brand: | Key Diagnostic Symptoms: | 💊 First-line Pharmacotherapy: | 💊 Linked Shelf Products & Brands: | ⚠️ Red Flags & Urgent Referral:
current,doc-disease-burns_sunburn,fa,سوختگی سطحی و آفتاب‌سوختگی (Superficial Burns & Sunburn),source-topics,True,True,"نام متداول و برند اصلی در استرالیا و جهان: | علائم و نشانه‌های تشخیصی: | 💊
      درمان دارویی خط اول (First-line OTC Pharmacotherapy): | 💊 فرآورده‌ها و داروهای قفسه داروخانه (Linked Shelf Products): | 🗣️ سناریوی بالینی و مکالمه بیمار در داروخانه: | ⚠️
      علائم خطر و معیارهای ارجاع فوری به پزشک (Red Flags): | 🌿
      مراقبت‌های غیردارویی و توصیه‌های سبک زندگی: | 💡
      نکات کلیدی و مرواریدهای بالینی داروساز:"
current,doc-disease-burns_sunburn,en,Superficial Burns & Sunburn - OTC Clinical Protocol,source-topics,True,True,Common Condition & Benchmark Originator Brand: | Key Diagnostic Symptoms: | 💊 First-line Pharmacotherapy: | 💊 Linked Shelf Products & Brands: | 🗣️ Linked Triage Scenario: | ⚠️ Red Flags & Urgent Referral:
current,doc-disease-chilblains,fa,تورم و قرمزی ناشی از سرما (پرنیو) (Chilblains (Pernio)),source-topics,True,True,"نام متداول و برند اصلی در استرالیا و جهان: | علائم و نشانه‌های تشخیصی: | 💊
      درمان دارویی خط اول (First-line OTC Pharmacotherapy): | 💊 فرآورده‌ها و داروهای قفسه داروخانه (Linked Shelf Products): | ⚠️
      علائم خطر و معیارهای ارجاع فوری به پزشک (Red Flags): | 🌿
      مراقبت‌های غیردارویی و توصیه‌های سبک زندگی: | 💡
      نکات کلیدی و مرواریدهای بالینی داروساز:"
current,doc-disease-chilblains,en,Chilblains (Pernio) - OTC Clinical Protocol,source-topics,True,True,Common Condition & Benchmark Originator Brand: | Key Diagnostic Symptoms: | 💊 First-line Pharmacotherapy: | 💊 Linked Shelf Products & Brands: | ⚠️ Red Flags & Urgent Referral:
current,doc-disease-chickenpox,fa,آبله‌مرغان و عفونت واریسلا (Chickenpox / Varicella),source-topics,True,True,"نام متداول و برند اصلی در استرالیا و جهان: | علائم و نشانه‌های تشخیصی: | 💊
      درمان دارویی خط اول (First-line OTC Pharmacotherapy): | 🗣️ سناریوی بالینی و مکالمه بیمار در داروخانه: | ⚠️
      علائم خطر و معیارهای ارجاع فوری به پزشک (Red Flags): | 🌿
      مراقبت‌های غیردارویی و توصیه‌های سبک زندگی: | 💡
      نکات کلیدی و مرواریدهای بالینی داروساز:"
current,doc-disease-chickenpox,en,Chickenpox / Varicella - OTC Clinical Protocol,source-topics,True,True,Common Condition & Benchmark Originator Brand: | Key Diagnostic Symptoms: | 💊 First-line Pharmacotherapy: | 🗣️ Linked Triage Scenario: | ⚠️ Red Flags & Urgent Referral:
current,doc-disease-cold_sores,fa,تبخال لب و دهان (Recurrent Cold Sores (Herpes Labialis)),source-topics,True,True,"نام متداول و برند اصلی در استرالیا و جهان: | علائم و نشانه‌های تشخیصی: | 💊
      درمان دارویی خط اول (First-line OTC Pharmacotherapy): | 💊 فرآورده‌ها و داروهای قفسه داروخانه (Linked Shelf Products): | 🗣️ سناریوی بالینی و مکالمه بیمار در داروخانه: | ⚠️
      علائم خطر و معیارهای ارجاع فوری به پزشک (Red Flags): | 🌿
      مراقبت‌های غیردارویی و توصیه‌های سبک زندگی: | 💡
      نکات کلیدی و مرواریدهای بالینی داروساز:"
current,doc-disease-cold_sores,en,Recurrent Cold Sores (Herpes Labialis) - OTC Clinical Protocol,source-topics,True,True,Common Condition & Benchmark Originator Brand: | Key Diagnostic Symptoms: | 💊 First-line Pharmacotherapy: | 💊 Linked Shelf Products & Brands: | 🗣️ Linked Triage Scenario: | ⚠️ Red Flags & Urgent Referral:
current,doc-disease-bacterial_conjunctivitis,fa,کنژنکتیویت باکتریایی و عفونت چشم (Bacterial Conjunctivitis),source-topics,True,True,"نام متداول و برند اصلی در استرالیا و جهان: | علائم و نشانه‌های تشخیصی: | 💊
      درمان دارویی خط اول (First-line OTC Pharmacotherapy): | 💊 فرآورده‌ها و داروهای قفسه داروخانه (Linked Shelf Products): | ⚠️
      علائم خطر و معیارهای ارجاع فوری به پزشک (Red Flags): | 🌿
      مراقبت‌های غیردارویی و توصیه‌های سبک زندگی: | 💡
      نکات کلیدی و مرواریدهای بالینی داروساز:"
current,doc-disease-bacterial_conjunctivitis,en,Bacterial Conjunctivitis - OTC Clinical Protocol,source-topics,True,True,Common Condition & Benchmark Originator Brand: | Key Diagnostic Symptoms: | 💊 First-line Pharmacotherapy: | 💊 Linked Shelf Products & Brands: | ⚠️ Red Flags & Urgent Referral:
current,doc-disease-constipation,fa,یبوست حاد و مزمن (Constipation),source-topics,True,True,"نام متداول و برند اصلی در استرالیا و جهان: | علائم و نشانه‌های تشخیصی: | 💊
      درمان دارویی خط اول (First-line OTC Pharmacotherapy): | 💊 فرآورده‌ها و داروهای قفسه داروخانه (Linked Shelf Products): | ⚠️
      علائم خطر و معیارهای ارجاع فوری به پزشک (Red Flags): | 🌿
      مراقبت‌های غیردارویی و توصیه‌های سبک زندگی: | 💡
      نکات کلیدی و مرواریدهای بالینی داروساز:"
current,doc-disease-constipation,en,Constipation - OTC Clinical Protocol,source-topics,True,True,Common Condition & Benchmark Originator Brand: | Key Diagnostic Symptoms: | 💊 First-line Pharmacotherapy: | 💊 Linked Shelf Products & Brands: | ⚠️ Red Flags & Urgent Referral:
current,doc-disease-corns_calluses,fa,میخچه و پینه پا (Corns and Calluses),source-topics,True,True,"نام متداول و برند اصلی در استرالیا و جهان: | علائم و نشانه‌های تشخیصی: | 💊
      درمان دارویی خط اول (First-line OTC Pharmacotherapy): | 💊 فرآورده‌ها و داروهای قفسه داروخانه (Linked Shelf Products): | ⚠️
      علائم خطر و معیارهای ارجاع فوری به پزشک (Red Flags): | 🌿
      مراقبت‌های غیردارویی و توصیه‌های سبک زندگی: | 💡
      نکات کلیدی و مرواریدهای بالینی داروساز:"
current,doc-disease-corns_calluses,en,Corns and Calluses - OTC Clinical Protocol,source-topics,True,True,Common Condition & Benchmark Originator Brand: | Key Diagnostic Symptoms: | 💊 First-line Pharmacotherapy: | 💊 Linked Shelf Products & Brands: | ⚠️ Red Flags & Urgent Referral:
current,doc-disease-chesty_cough,fa,سرفه خلط‌دار و احتقان قفسه سینه (Chesty Productive Cough),source-topics,True,True,"نام متداول و برند اصلی در استرالیا و جهان: | علائم و نشانه‌های تشخیصی: | 💊
      درمان دارویی خط اول (First-line OTC Pharmacotherapy): | 💊 فرآورده‌ها و داروهای قفسه داروخانه (Linked Shelf Products): | 🗣️ سناریوی بالینی و مکالمه بیمار در داروخانه: | ⚠️
      علائم خطر و معیارهای ارجاع فوری به پزشک (Red Flags): | 🌿
      مراقبت‌های غیردارویی و توصیه‌های سبک زندگی: | 💡
      نکات کلیدی و مرواریدهای بالینی داروساز:"
current,doc-disease-chesty_cough,en,Chesty Productive Cough - OTC Clinical Protocol,source-topics,True,True,Common Condition & Benchmark Originator Brand: | Key Diagnostic Symptoms: | 💊 First-line Pharmacotherapy: | 💊 Linked Shelf Products & Brands: | 🗣️ Linked Triage Scenario: | ⚠️ Red Flags & Urgent Referral:
current,doc-disease-dry_cough,fa,سرفه خشک و تحریکی (Dry Irritating Cough),source-topics,True,True,"نام متداول و برند اصلی در استرالیا و جهان: | علائم و نشانه‌های تشخیصی: | 💊
      درمان دارویی خط اول (First-line OTC Pharmacotherapy): | 💊 فرآورده‌ها و داروهای قفسه داروخانه (Linked Shelf Products): | ⚠️
      علائم خطر و معیارهای ارجاع فوری به پزشک (Red Flags): | 🌿
      مراقبت‌های غیردارویی و توصیه‌های سبک زندگی: | 💡
      نکات کلیدی و مرواریدهای بالینی داروساز:"
current,doc-disease-dry_cough,en,Dry Irritating Cough - OTC Clinical Protocol,source-topics,True,True,Common Condition & Benchmark Originator Brand: | Key Diagnostic Symptoms: | 💊 First-line Pharmacotherapy: | 💊 Linked Shelf Products & Brands: | ⚠️ Red Flags & Urgent Referral:
current,doc-disease-cradle_cap,fa,کلاه گهواره (درماتیت سبورئیک نوزادی) (Cradle Cap (Infantile Seborrhoeic Dermatitis)),source-topics,True,True,"نام متداول و برند اصلی در استرالیا و جهان: | علائم و نشانه‌های تشخیصی: | 💊
      درمان دارویی خط اول (First-line OTC Pharmacotherapy): | 💊 فرآورده‌ها و داروهای قفسه داروخانه (Linked Shelf Products): | ⚠️
      علائم خطر و معیارهای ارجاع فوری به پزشک (Red Flags): | 🌿
      مراقبت‌های غیردارویی و توصیه‌های سبک زندگی: | 💡
      نکات کلیدی و مرواریدهای بالینی داروساز:"
current,doc-disease-cradle_cap,en,Cradle Cap (Infantile Seborrhoeic Dermatitis) - OTC Clinical Protocol,source-topics,True,True,Common Condition & Benchmark Originator Brand: | Key Diagnostic Symptoms: | 💊 First-line Pharmacotherapy: | 💊 Linked Shelf Products & Brands: | ⚠️ Red Flags & Urgent Referral:
current,doc-disease-diarrhoea,fa,اسهال حاد و گاستروانتریت (Acute Diarrhoea & Gastroenteritis),source-topics,True,True,"نام متداول و برند اصلی در استرالیا و جهان: | علائم و نشانه‌های تشخیصی: | 💊
      درمان دارویی خط اول (First-line OTC Pharmacotherapy): | 💊 فرآورده‌ها و داروهای قفسه داروخانه (Linked Shelf Products): | ⚠️
      علائم خطر و معیارهای ارجاع فوری به پزشک (Red Flags): | 🌿
      مراقبت‌های غیردارویی و توصیه‌های سبک زندگی: | 💡
      نکات کلیدی و مرواریدهای بالینی داروساز:"
current,doc-disease-diarrhoea,en,Acute Diarrhoea & Gastroenteritis - OTC Clinical Protocol,source-topics,True,True,Common Condition & Benchmark Originator Brand: | Key Diagnostic Symptoms: | 💊 First-line Pharmacotherapy: | 💊 Linked Shelf Products & Brands: | ⚠️ Red Flags & Urgent Referral:
current,doc-disease-dry_eyes,fa,خشکی چشم و خستگی بینایی (Dry Eyes & Ocular Lubrication),source-topics,True,True,"نام متداول و برند اصلی در استرالیا و جهان: | علائم و نشانه‌های تشخیصی: | 💊
      درمان دارویی خط اول (First-line OTC Pharmacotherapy): | 💊 فرآورده‌ها و داروهای قفسه داروخانه (Linked Shelf Products): | ⚠️
      علائم خطر و معیارهای ارجاع فوری به پزشک (Red Flags): | 🌿
      مراقبت‌های غیردارویی و توصیه‌های سبک زندگی: | 💡
      نکات کلیدی و مرواریدهای بالینی داروساز:"
current,doc-disease-dry_eyes,en,Dry Eyes & Ocular Lubrication - OTC Clinical Protocol,source-topics,True,True,Common Condition & Benchmark Originator Brand: | Key Diagnostic Symptoms: | 💊 First-line Pharmacotherapy: | 💊 Linked Shelf Products & Brands: | ⚠️ Red Flags & Urgent Referral:
current,doc-disease-dry_mouth,fa,خشکی دهان (زروستومیا) (Dry Mouth (Xerostomia)),source-topics,True,True,"نام متداول و برند اصلی در استرالیا و جهان: | علائم و نشانه‌های تشخیصی: | 💊
      درمان دارویی خط اول (First-line OTC Pharmacotherapy): | 💊 فرآورده‌ها و داروهای قفسه داروخانه (Linked Shelf Products): | ⚠️
      علائم خطر و معیارهای ارجاع فوری به پزشک (Red Flags): | 🌿
      مراقبت‌های غیردارویی و توصیه‌های سبک زندگی: | 💡
      نکات کلیدی و مرواریدهای بالینی داروساز:"
current,doc-disease-dry_mouth,en,Dry Mouth (Xerostomia) - OTC Clinical Protocol,source-topics,True,True,Common Condition & Benchmark Originator Brand: | Key Diagnostic Symptoms: | 💊 First-line Pharmacotherapy: | 💊 Linked Shelf Products & Brands: | ⚠️ Red Flags & Urgent Referral:
current,doc-disease-ear_wax,fa,جرم و موم گوش (سرومن متراکم) (Impacted Ear Wax (Cerumen Impaction)),source-topics,True,True,"نام متداول و برند اصلی در استرالیا و جهان: | علائم و نشانه‌های تشخیصی: | 💊
      درمان دارویی خط اول (First-line OTC Pharmacotherapy): | 💊 فرآورده‌ها و داروهای قفسه داروخانه (Linked Shelf Products): | 🗣️ سناریوی بالینی و مکالمه بیمار در داروخانه: | ⚠️
      علائم خطر و معیارهای ارجاع فوری به پزشک (Red Flags): | 🌿
      مراقبت‌های غیردارویی و توصیه‌های سبک زندگی: | 💡
      نکات کلیدی و مرواریدهای بالینی داروساز:"
current,doc-disease-ear_wax,en,Impacted Ear Wax (Cerumen Impaction) - OTC Clinical Protocol,source-topics,True,True,Common Condition & Benchmark Originator Brand: | Key Diagnostic Symptoms: | 💊 First-line Pharmacotherapy: | 💊 Linked Shelf Products & Brands: | 🗣️ Linked Triage Scenario: | ⚠️ Red Flags & Urgent Referral:
current,doc-disease-eczema,fa,اگزما و درماتیت آتوپیک (Eczema & Atopic Dermatitis),source-topics,True,True,"نام متداول و برند اصلی در استرالیا و جهان: | علائم و نشانه‌های تشخیصی: | 💊
      درمان دارویی خط اول (First-line OTC Pharmacotherapy): | 💊 فرآورده‌ها و داروهای قفسه داروخانه (Linked Shelf Products): | 🗣️ سناریوی بالینی و مکالمه بیمار در داروخانه: | ⚠️
      علائم خطر و معیارهای ارجاع فوری به پزشک (Red Flags): | 🌿
      مراقبت‌های غیردارویی و توصیه‌های سبک زندگی: | 💡
      نکات کلیدی و مرواریدهای بالینی داروساز:"
current,doc-disease-eczema,en,Eczema & Atopic Dermatitis - OTC Clinical Protocol,source-topics,True,True,Common Condition & Benchmark Originator Brand: | Key Diagnostic Symptoms: | 💊 First-line Pharmacotherapy: | 💊 Linked Shelf Products & Brands: | 🗣️ Linked Triage Scenario: | ⚠️ Red Flags & Urgent Referral:
current,doc-disease-gord_heartburn,fa,ریفلاکس معده و سوزش سر دل (GORD & Heartburn / Dyspepsia),source-topics,True,True,"نام متداول و برند اصلی در استرالیا و جهان: | علائم و نشانه‌های تشخیصی: | 💊
      درمان دارویی خط اول (First-line OTC Pharmacotherapy): | 💊 فرآورده‌ها و داروهای قفسه داروخانه (Linked Shelf Products): | 🗣️ سناریوی بالینی و مکالمه بیمار در داروخانه: | ⚠️
      علائم خطر و معیارهای ارجاع فوری به پزشک (Red Flags): | 🌿
      مراقبت‌های غیردارویی و توصیه‌های سبک زندگی: | 💡
      نکات کلیدی و مرواریدهای بالینی داروساز:"
current,doc-disease-gord_heartburn,en,GORD & Heartburn / Dyspepsia - OTC Clinical Protocol,source-topics,True,True,Common Condition & Benchmark Originator Brand: | Key Diagnostic Symptoms: | 💊 First-line Pharmacotherapy: | 💊 Linked Shelf Products & Brands: | 🗣️ Linked Triage Scenario: | ⚠️ Red Flags & Urgent Referral:
current,doc-disease-haemorrhoids,fa,بواسیر و هموروئید (Haemorrhoids (Piles)),source-topics,True,True,"نام متداول و برند اصلی در استرالیا و جهان: | علائم و نشانه‌های تشخیصی: | 💊
      درمان دارویی خط اول (First-line OTC Pharmacotherapy): | 💊 فرآورده‌ها و داروهای قفسه داروخانه (Linked Shelf Products): | ⚠️
      علائم خطر و معیارهای ارجاع فوری به پزشک (Red Flags): | 🌿
      مراقبت‌های غیردارویی و توصیه‌های سبک زندگی: | 💡
      نکات کلیدی و مرواریدهای بالینی داروساز:"
current,doc-disease-haemorrhoids,en,Haemorrhoids (Piles) - OTC Clinical Protocol,source-topics,True,True,Common Condition & Benchmark Originator Brand: | Key Diagnostic Symptoms: | 💊 First-line Pharmacotherapy: | 💊 Linked Shelf Products & Brands: | ⚠️ Red Flags & Urgent Referral:
current,doc-disease-hayfever,fa,تب یونجه و رینیت آلرژیک (Hayfever & Allergic Rhinitis),source-topics,True,True,"نام متداول و برند اصلی در استرالیا و جهان: | علائم و نشانه‌های تشخیصی: | 💊
      درمان دارویی خط اول (First-line OTC Pharmacotherapy): | 💊 فرآورده‌ها و داروهای قفسه داروخانه (Linked Shelf Products): | 🗣️ سناریوی بالینی و مکالمه بیمار در داروخانه: | ⚠️
      علائم خطر و معیارهای ارجاع فوری به پزشک (Red Flags): | 🌿
      مراقبت‌های غیردارویی و توصیه‌های سبک زندگی: | 💡
      نکات کلیدی و مرواریدهای بالینی داروساز:"
current,doc-disease-hayfever,en,Hayfever & Allergic Rhinitis - OTC Clinical Protocol,source-topics,True,True,Common Condition & Benchmark Originator Brand: | Key Diagnostic Symptoms: | 💊 First-line Pharmacotherapy: | 💊 Linked Shelf Products & Brands: | 🗣️ Linked Triage Scenario: | ⚠️ Red Flags & Urgent Referral:
current,doc-disease-headlice,fa,شپش سر و رشک (Head Lice (Pediculosis Capitis)),source-topics,True,True,"نام متداول و برند اصلی در استرالیا و جهان: | علائم و نشانه‌های تشخیصی: | 💊
      درمان دارویی خط اول (First-line OTC Pharmacotherapy): | 💊 فرآورده‌ها و داروهای قفسه داروخانه (Linked Shelf Products): | ⚠️
      علائم خطر و معیارهای ارجاع فوری به پزشک (Red Flags): | 🌿
      مراقبت‌های غیردارویی و توصیه‌های سبک زندگی: | 💡
      نکات کلیدی و مرواریدهای بالینی داروساز:"
current,doc-disease-headlice,en,Head Lice (Pediculosis Capitis) - OTC Clinical Protocol,source-topics,True,True,Common Condition & Benchmark Originator Brand: | Key Diagnostic Symptoms: | 💊 First-line Pharmacotherapy: | 💊 Linked Shelf Products & Brands: | ⚠️ Red Flags & Urgent Referral:
current,doc-disease-motion_sickness,fa,بیماری حرکت و تهوع سفر (Motion Sickness (Kinetosis)),source-topics,True,True,"نام متداول و برند اصلی در استرالیا و جهان: | علائم و نشانه‌های تشخیصی: | 💊
      درمان دارویی خط اول (First-line OTC Pharmacotherapy): | 💊 فرآورده‌ها و داروهای قفسه داروخانه (Linked Shelf Products): | 🗣️ سناریوی بالینی و مکالمه بیمار در داروخانه: | ⚠️
      علائم خطر و معیارهای ارجاع فوری به پزشک (Red Flags): | 🌿
      مراقبت‌های غیردارویی و توصیه‌های سبک زندگی: | 💡
      نکات کلیدی و مرواریدهای بالینی داروساز:"
current,doc-disease-motion_sickness,en,Motion Sickness (Kinetosis) - OTC Clinical Protocol,source-topics,True,True,Common Condition & Benchmark Originator Brand: | Key Diagnostic Symptoms: | 💊 First-line Pharmacotherapy: | 💊 Linked Shelf Products & Brands: | 🗣️ Linked Triage Scenario: | ⚠️ Red Flags & Urgent Referral:
current,doc-disease-mouth_ulcers,fa,آفت و زخم‌های دهانی (Recurrent Aphthous Ulcers (Mouth Ulcers)),source-topics,True,True,"نام متداول و برند اصلی در استرالیا و جهان: | علائم و نشانه‌های تشخیصی: | 💊
      درمان دارویی خط اول (First-line OTC Pharmacotherapy): | 💊 فرآورده‌ها و داروهای قفسه داروخانه (Linked Shelf Products): | ⚠️
      علائم خطر و معیارهای ارجاع فوری به پزشک (Red Flags): | 🌿
      مراقبت‌های غیردارویی و توصیه‌های سبک زندگی: | 💡
      نکات کلیدی و مرواریدهای بالینی داروساز:"
current,doc-disease-mouth_ulcers,en,Recurrent Aphthous Ulcers (Mouth Ulcers) - OTC Clinical Protocol,source-topics,True,True,Common Condition & Benchmark Originator Brand: | Key Diagnostic Symptoms: | 💊 First-line Pharmacotherapy: | 💊 Linked Shelf Products & Brands: | ⚠️ Red Flags & Urgent Referral:
current,doc-disease-nappy_rash,fa,سوختگی پای نوزاد و راش کهنه (درماتیت نپی) (Nappy Rash (Diaper Dermatitis)),source-topics,True,True,"نام متداول و برند اصلی در استرالیا و جهان: | علائم و نشانه‌های تشخیصی: | 💊
      درمان دارویی خط اول (First-line OTC Pharmacotherapy): | 💊 فرآورده‌ها و داروهای قفسه داروخانه (Linked Shelf Products): | ⚠️
      علائم خطر و معیارهای ارجاع فوری به پزشک (Red Flags): | 🌿
      مراقبت‌های غیردارویی و توصیه‌های سبک زندگی: | 💡
      نکات کلیدی و مرواریدهای بالینی داروساز:"
current,doc-disease-nappy_rash,en,Nappy Rash (Diaper Dermatitis) - OTC Clinical Protocol,source-topics,True,True,Common Condition & Benchmark Originator Brand: | Key Diagnostic Symptoms: | 💊 First-line Pharmacotherapy: | 💊 Linked Shelf Products & Brands: | ⚠️ Red Flags & Urgent Referral:
current,doc-disease-nasal_congestion,fa,احتقان و گرفتگی بینی (Nasal Congestion (Nasal Obstruction)),source-topics,True,True,"نام متداول و برند اصلی در استرالیا و جهان: | علائم و نشانه‌های تشخیصی: | 💊
      درمان دارویی خط اول (First-line OTC Pharmacotherapy): | 💊 فرآورده‌ها و داروهای قفسه داروخانه (Linked Shelf Products): | 🗣️ سناریوی بالینی و مکالمه بیمار در داروخانه: | ⚠️
      علائم خطر و معیارهای ارجاع فوری به پزشک (Red Flags): | 🌿
      مراقبت‌های غیردارویی و توصیه‌های سبک زندگی: | 💡
      نکات کلیدی و مرواریدهای بالینی داروساز: | یادداشت حوزهٔ قضایی و منابع رسمی"
current,doc-disease-nasal_congestion,en,Nasal Congestion (Nasal Obstruction) - OTC Clinical Protocol,source-topics,True,True,Common Condition & Benchmark Originator Brand: | Key Diagnostic Symptoms: | 💊 First-line Pharmacotherapy: | 💊 Linked Shelf Products & Brands: | 🗣️ Linked Triage Scenario: | ⚠️ Red Flags & Urgent Referral: | Jurisdiction note & official references
current,doc-disease-pain_relief,fa,تسکین دردهای حاد و مسکن‌های عمومی (Acute Pain Management (Analgesia)),source-topics,True,True,"نام متداول و برند اصلی در استرالیا و جهان: | علائم و نشانه‌های تشخیصی: | 💊
      درمان دارویی خط اول (First-line OTC Pharmacotherapy): | 💊 فرآورده‌ها و داروهای قفسه داروخانه (Linked Shelf Products): | 🗣️ سناریوی بالینی و مکالمه بیمار در داروخانه: | ⚠️
      علائم خطر و معیارهای ارجاع فوری به پزشک (Red Flags): | 🌿
      مراقبت‌های غیردارویی و توصیه‌های سبک زندگی: | 💡
      نکات کلیدی و مرواریدهای بالینی داروساز:"
current,doc-disease-pain_relief,en,Acute Pain Management (Analgesia) - OTC Clinical Protocol,source-topics,True,True,Common Condition & Benchmark Originator Brand: | Key Diagnostic Symptoms: | 💊 First-line Pharmacotherapy: | 💊 Linked Shelf Products & Brands: | 🗣️ Linked Triage Scenario: | ⚠️ Red Flags & Urgent Referral:
current,doc-disease-scabies,fa,گال و جرب (Scabies (Sarcoptes scabiei)),source-topics,True,True,"نام متداول و برند اصلی در استرالیا و جهان: | علائم و نشانه‌های تشخیصی: | 💊
      درمان دارویی خط اول (First-line OTC Pharmacotherapy): | 💊 فرآورده‌ها و داروهای قفسه داروخانه (Linked Shelf Products): | ⚠️
      علائم خطر و معیارهای ارجاع فوری به پزشک (Red Flags): | 🌿
      مراقبت‌های غیردارویی و توصیه‌های سبک زندگی: | 💡
      نکات کلیدی و مرواریدهای بالینی داروساز:"
current,doc-disease-scabies,en,Scabies (Sarcoptes scabiei) - OTC Clinical Protocol,source-topics,True,True,Common Condition & Benchmark Originator Brand: | Key Diagnostic Symptoms: | 💊 First-line Pharmacotherapy: | 💊 Linked Shelf Products & Brands: | ⚠️ Red Flags & Urgent Referral:
current,doc-disease-seborrhoeic_dermatitis,fa,درماتیت سبورئیک و شوره سر (Seborrhoeic Dermatitis & Dandruff),source-topics,True,True,"نام متداول و برند اصلی در استرالیا و جهان: | علائم و نشانه‌های تشخیصی: | 💊
      درمان دارویی خط اول (First-line OTC Pharmacotherapy): | 💊 فرآورده‌ها و داروهای قفسه داروخانه (Linked Shelf Products): | ⚠️
      علائم خطر و معیارهای ارجاع فوری به پزشک (Red Flags): | 🌿
      مراقبت‌های غیردارویی و توصیه‌های سبک زندگی: | 💡
      نکات کلیدی و مرواریدهای بالینی داروساز:"
current,doc-disease-seborrhoeic_dermatitis,en,Seborrhoeic Dermatitis & Dandruff - OTC Clinical Protocol,source-topics,True,True,Common Condition & Benchmark Originator Brand: | Key Diagnostic Symptoms: | 💊 First-line Pharmacotherapy: | 💊 Linked Shelf Products & Brands: | ⚠️ Red Flags & Urgent Referral:
current,doc-disease-shingles,fa,زونا و هرپس زوستر (Herpes Zoster (Shingles)),source-topics,True,True,"نام متداول و برند اصلی در استرالیا و جهان: | علائم و نشانه‌های تشخیصی: | 💊
      درمان دارویی خط اول (First-line OTC Pharmacotherapy): | 💊 فرآورده‌ها و داروهای قفسه داروخانه (Linked Shelf Products): | 🗣️ سناریوی بالینی و مکالمه بیمار در داروخانه: | ⚠️
      علائم خطر و معیارهای ارجاع فوری به پزشک (Red Flags): | 🌿
      مراقبت‌های غیردارویی و توصیه‌های سبک زندگی: | 💡
      نکات کلیدی و مرواریدهای بالینی داروساز:"
current,doc-disease-shingles,en,Herpes Zoster (Shingles) - OTC Clinical Protocol,source-topics,True,True,Common Condition & Benchmark Originator Brand: | Key Diagnostic Symptoms: | 💊 First-line Pharmacotherapy: | 💊 Linked Shelf Products & Brands: | 🗣️ Linked Triage Scenario: | ⚠️ Red Flags & Urgent Referral:
current,doc-disease-smoking_cessation,fa,ترک سیگار و درمان جایگزین نیکوتین (NRT) (Smoking Cessation & Nicotine Replacement Therapy),source-topics,True,True,"نام متداول و برند اصلی در استرالیا و جهان: | علائم و نشانه‌های تشخیصی: | 💊
      درمان دارویی خط اول (First-line OTC Pharmacotherapy): | 💊 فرآورده‌ها و داروهای قفسه داروخانه (Linked Shelf Products): | ⚠️
      علائم خطر و معیارهای ارجاع فوری به پزشک (Red Flags): | 🌿
      مراقبت‌های غیردارویی و توصیه‌های سبک زندگی: | 💡
      نکات کلیدی و مرواریدهای بالینی داروساز:"
current,doc-disease-smoking_cessation,en,Smoking Cessation & Nicotine Replacement Therapy - OTC Clinical Protocol,source-topics,True,True,Common Condition & Benchmark Originator Brand: | Key Diagnostic Symptoms: | 💊 First-line Pharmacotherapy: | 💊 Linked Shelf Products & Brands: | ⚠️ Red Flags & Urgent Referral:
current,doc-disease-sore_throat,fa,گلودرد و فارنژیت حاد (Acute Sore Throat (Pharyngitis)),source-topics,True,True,"نام متداول و برند اصلی در استرالیا و جهان: | علائم و نشانه‌های تشخیصی: | 💊
      درمان دارویی خط اول (First-line OTC Pharmacotherapy): | 💊 فرآورده‌ها و داروهای قفسه داروخانه (Linked Shelf Products): | ⚠️
      علائم خطر و معیارهای ارجاع فوری به پزشک (Red Flags): | 🌿
      مراقبت‌های غیردارویی و توصیه‌های سبک زندگی: | 💡
      نکات کلیدی و مرواریدهای بالینی داروساز:"
current,doc-disease-sore_throat,en,Acute Sore Throat (Pharyngitis) - OTC Clinical Protocol,source-topics,True,True,Common Condition & Benchmark Originator Brand: | Key Diagnostic Symptoms: | 💊 First-line Pharmacotherapy: | 💊 Linked Shelf Products & Brands: | ⚠️ Red Flags & Urgent Referral:
current,doc-disease-stings_bites,fa,نیش زنبور، پشه و گزیدگی حشرات (Insect Bites and Stings),source-topics,True,True,"نام متداول و برند اصلی در استرالیا و جهان: | علائم و نشانه‌های تشخیصی: | 💊
      درمان دارویی خط اول (First-line OTC Pharmacotherapy): | 💊 فرآورده‌ها و داروهای قفسه داروخانه (Linked Shelf Products): | ⚠️
      علائم خطر و معیارهای ارجاع فوری به پزشک (Red Flags): | 🌿
      مراقبت‌های غیردارویی و توصیه‌های سبک زندگی: | 💡
      نکات کلیدی و مرواریدهای بالینی داروساز:"
current,doc-disease-stings_bites,en,Insect Bites and Stings - OTC Clinical Protocol,source-topics,True,True,Common Condition & Benchmark Originator Brand: | Key Diagnostic Symptoms: | 💊 First-line Pharmacotherapy: | 💊 Linked Shelf Products & Brands: | ⚠️ Red Flags & Urgent Referral:
current,doc-disease-stye,fa,گل‌مژه و هوردئولوم خارجی (Stye (External Hordeolum)),source-topics,True,True,"نام متداول و برند اصلی در استرالیا و جهان: | علائم و نشانه‌های تشخیصی: | 💊
      درمان دارویی خط اول (First-line OTC Pharmacotherapy): | 💊 فرآورده‌ها و داروهای قفسه داروخانه (Linked Shelf Products): | ⚠️
      علائم خطر و معیارهای ارجاع فوری به پزشک (Red Flags): | 🌿
      مراقبت‌های غیردارویی و توصیه‌های سبک زندگی: | 💡
      نکات کلیدی و مرواریدهای بالینی داروساز:"
current,doc-disease-stye,en,Stye (External Hordeolum) - OTC Clinical Protocol,source-topics,True,True,Common Condition & Benchmark Originator Brand: | Key Diagnostic Symptoms: | 💊 First-line Pharmacotherapy: | 💊 Linked Shelf Products & Brands: | ⚠️ Red Flags & Urgent Referral:
current,doc-disease-swimmers_ear,fa,گوش‌درد شناگران (اوتیت خارجی حاد) (Swimmer's Ear (Otitis Externa)),source-topics,True,True,"نام متداول و برند اصلی در استرالیا و جهان: | علائم و نشانه‌های تشخیصی: | 💊
      درمان دارویی خط اول (First-line OTC Pharmacotherapy): | 💊 فرآورده‌ها و داروهای قفسه داروخانه (Linked Shelf Products): | ⚠️
      علائم خطر و معیارهای ارجاع فوری به پزشک (Red Flags): | 🌿
      مراقبت‌های غیردارویی و توصیه‌های سبک زندگی: | 💡
      نکات کلیدی و مرواریدهای بالینی داروساز:"
current,doc-disease-swimmers_ear,en,Swimmer's Ear (Otitis Externa) - OTC Clinical Protocol,source-topics,True,True,Common Condition & Benchmark Originator Brand: | Key Diagnostic Symptoms: | 💊 First-line Pharmacotherapy: | 💊 Linked Shelf Products & Brands: | ⚠️ Red Flags & Urgent Referral:
current,doc-disease-teething,fa,دندان درآوردن شیرخواران (Infant Teething),source-topics,True,True,"نام متداول و برند اصلی در استرالیا و جهان: | علائم و نشانه‌های تشخیصی: | 💊
      درمان دارویی خط اول (First-line OTC Pharmacotherapy): | 💊 فرآورده‌ها و داروهای قفسه داروخانه (Linked Shelf Products): | ⚠️
      علائم خطر و معیارهای ارجاع فوری به پزشک (Red Flags): | 🌿
      مراقبت‌های غیردارویی و توصیه‌های سبک زندگی: | 💡
      نکات کلیدی و مرواریدهای بالینی داروساز:"
current,doc-disease-teething,en,Infant Teething - OTC Clinical Protocol,source-topics,True,True,Common Condition & Benchmark Originator Brand: | Key Diagnostic Symptoms: | 💊 First-line Pharmacotherapy: | 💊 Linked Shelf Products & Brands: | ⚠️ Red Flags & Urgent Referral:
current,doc-disease-oral_thrush,fa,برفک و کاندیدیازیس دهان (Oral Candidiasis (Oral Thrush)),source-topics,True,True,"نام متداول و برند اصلی در استرالیا و جهان: | علائم و نشانه‌های تشخیصی: | 💊
      درمان دارویی خط اول (First-line OTC Pharmacotherapy): | 💊 فرآورده‌ها و داروهای قفسه داروخانه (Linked Shelf Products): | ⚠️
      علائم خطر و معیارهای ارجاع فوری به پزشک (Red Flags): | 🌿
      مراقبت‌های غیردارویی و توصیه‌های سبک زندگی: | 💡
      نکات کلیدی و مرواریدهای بالینی داروساز:"
current,doc-disease-oral_thrush,en,Oral Candidiasis (Oral Thrush) - OTC Clinical Protocol,source-topics,True,True,Common Condition & Benchmark Originator Brand: | Key Diagnostic Symptoms: | 💊 First-line Pharmacotherapy: | 💊 Linked Shelf Products & Brands: | ⚠️ Red Flags & Urgent Referral:
current,doc-disease-vaginal_thrush,fa,کاندیدیازیس و برفک واژینال (Vaginal Candidiasis (Vaginal Thrush)),source-topics,True,True,"نام متداول و برند اصلی در استرالیا و جهان: | علائم و نشانه‌های تشخیصی: | 💊
      درمان دارویی خط اول (First-line OTC Pharmacotherapy): | 💊 فرآورده‌ها و داروهای قفسه داروخانه (Linked Shelf Products): | 🗣️ سناریوی بالینی و مکالمه بیمار در داروخانه: | ⚠️
      علائم خطر و معیارهای ارجاع فوری به پزشک (Red Flags): | 🌿
      مراقبت‌های غیردارویی و توصیه‌های سبک زندگی: | 💡
      نکات کلیدی و مرواریدهای بالینی داروساز:"
current,doc-disease-vaginal_thrush,en,Vaginal Candidiasis (Vaginal Thrush) - OTC Clinical Protocol,source-topics,True,True,Common Condition & Benchmark Originator Brand: | Key Diagnostic Symptoms: | 💊 First-line Pharmacotherapy: | 💊 Linked Shelf Products & Brands: | 🗣️ Linked Triage Scenario: | ⚠️ Red Flags & Urgent Referral:
current,doc-disease-tinea_infections,fa,تینه‌آ و عفونت‌های قارچی پوست (Tinea Infections (Athlete’s Foot & Jock Itch)),source-topics,True,True,"نام متداول و برند اصلی در استرالیا و جهان: | علائم و نشانه‌های تشخیصی: | 💊
      درمان دارویی خط اول (First-line OTC Pharmacotherapy): | 💊 فرآورده‌ها و داروهای قفسه داروخانه (Linked Shelf Products): | ⚠️
      علائم خطر و معیارهای ارجاع فوری به پزشک (Red Flags): | 🌿
      مراقبت‌های غیردارویی و توصیه‌های سبک زندگی: | 💡
      نکات کلیدی و مرواریدهای بالینی داروساز:"
current,doc-disease-tinea_infections,en,Tinea Infections (Athlete’s Foot & Jock Itch) - OTC Clinical Protocol,source-topics,True,True,Common Condition & Benchmark Originator Brand: | Key Diagnostic Symptoms: | 💊 First-line Pharmacotherapy: | 💊 Linked Shelf Products & Brands: | ⚠️ Red Flags & Urgent Referral:
current,doc-disease-tinea_versicolor,fa,تینیا ورسیکالر (پیتریازیس ورسیکالر / قارچ رنگارنگ) (Tinea Versicolor (Pityriasis Versicolor)),source-topics,True,True,"نام متداول و برند اصلی در استرالیا و جهان: | علائم و نشانه‌های تشخیصی: | 💊
      درمان دارویی خط اول (First-line OTC Pharmacotherapy): | 💊 فرآورده‌ها و داروهای قفسه داروخانه (Linked Shelf Products): | ⚠️
      علائم خطر و معیارهای ارجاع فوری به پزشک (Red Flags): | 🌿
      مراقبت‌های غیردارویی و توصیه‌های سبک زندگی: | 💡
      نکات کلیدی و مرواریدهای بالینی داروساز:"
current,doc-disease-tinea_versicolor,en,Tinea Versicolor (Pityriasis Versicolor) - OTC Clinical Protocol,source-topics,True,True,Common Condition & Benchmark Originator Brand: | Key Diagnostic Symptoms: | 💊 First-line Pharmacotherapy: | 💊 Linked Shelf Products & Brands: | ⚠️ Red Flags & Urgent Referral:
current,doc-disease-uti_cystitis,fa,عفونت ادراری خفیف و سیستیت (Uncomplicated Cystitis / UTI),source-topics,True,True,"یادداشت ایمنی و حوزه‌ای — ۲۵ سپتامبر ۲۰۲۶ | نام متداول و برند اصلی در استرالیا و جهان: | علائم و نشانه‌های تشخیصی: | 💊
      تسکین علامتی (درمان خط اول عفونت نیست): | 💊 فرآورده‌ها و داروهای قفسه داروخانه (Linked Shelf Products): | ⚠️
      علائم خطر و معیارهای ارجاع فوری به پزشک (Red Flags): | 🌿
      مراقبت‌های غیردارویی و توصیه‌های سبک زندگی: | 💡
      نکات کلیدی و مرواریدهای بالینی داروساز:"
current,doc-disease-uti_cystitis,en,Uncomplicated Cystitis / UTI - OTC Clinical Protocol,source-topics,True,True,Safety and jurisdiction note — 25 September 2026 | Common Condition & Benchmark Originator Brand: | Key Diagnostic Symptoms: | 💊 Symptomatic relief only (not first-line UTI treatment): | 💊 Linked Shelf Products & Brands: | ⚠️ Red Flags & Urgent Referral:
current,doc-disease-warts,fa,زگیل‌های پوستی و زگیل کف پا (ورروکا) (Warts and Verrucas (Verruca Vulgaris & Plantaris)),source-topics,True,True,"نام متداول و برند اصلی در استرالیا و جهان: | علائم و نشانه‌های تشخیصی: | 💊
      درمان دارویی خط اول (First-line OTC Pharmacotherapy): | 💊 فرآورده‌ها و داروهای قفسه داروخانه (Linked Shelf Products): | ⚠️
      علائم خطر و معیارهای ارجاع فوری به پزشک (Red Flags): | 🌿
      مراقبت‌های غیردارویی و توصیه‌های سبک زندگی: | 💡
      نکات کلیدی و مرواریدهای بالینی داروساز:"
current,doc-disease-warts,en,Warts and Verrucas (Verruca Vulgaris & Plantaris) - OTC Clinical Protocol,source-topics,True,True,Common Condition & Benchmark Originator Brand: | Key Diagnostic Symptoms: | 💊 First-line Pharmacotherapy: | 💊 Linked Shelf Products & Brands: | ⚠️ Red Flags & Urgent Referral:
current,doc-disease-worms_pinworms,fa,کرمک و انگل روده (اکسیور) (Threadworms & Pinworms (Enterobiasis)),source-topics,True,True,"نام متداول و برند اصلی در استرالیا و جهان: | علائم و نشانه‌های تشخیصی: | 💊
      درمان دارویی خط اول (First-line OTC Pharmacotherapy): | 💊 فرآورده‌ها و داروهای قفسه داروخانه (Linked Shelf Products): | 🗣️ سناریوی بالینی و مکالمه بیمار در داروخانه: | ⚠️
      علائم خطر و معیارهای ارجاع فوری به پزشک (Red Flags): | 🌿
      مراقبت‌های غیردارویی و توصیه‌های سبک زندگی: | 💡
      نکات کلیدی و مرواریدهای بالینی داروساز:"
current,doc-disease-worms_pinworms,en,Threadworms & Pinworms (Enterobiasis) - OTC Clinical Protocol,source-topics,True,True,Common Condition & Benchmark Originator Brand: | Key Diagnostic Symptoms: | 💊 First-line Pharmacotherapy: | 💊 Linked Shelf Products & Brands: | 🗣️ Linked Triage Scenario: | ⚠️ Red Flags & Urgent Referral:
current,doc-cyp-cyp3a4,fa,سیتوکروم CYP3A4 / CYP3A5: تداخلات و مهارکننده‌ها,source-topics,True,True,مسیر متابولیک و اهمیت بالینی: | 🚫 مهارکننده‌ها (Inhibitors): | ⚡ القاکننده‌ها (Inducers): | 🎯 سوبستراها (Substrates): | ⚠️ زوج‌های تداخلی پرتکرار در آزمون‌های بالینی:
current,doc-cyp-cyp3a4,en,CYP3A4 / CYP3A5 Cytochrome P450 Monograph,source-topics,True,True,Hepatic Metabolic Pathway & Clinical Significance: | 🚫 Potent Inhibitors: | ⚡ Inducers: | 🎯 Major Substrates:
current,doc-cyp-cyp2d6,fa,سیتوکروم CYP2D6: تداخلات و مهارکننده‌ها,source-topics,True,True,مسیر متابولیک و اهمیت بالینی: | 🚫 مهارکننده‌ها (Inhibitors): | ⚡ القاکننده‌ها (Inducers): | 🎯 سوبستراها (Substrates): | ⚠️ زوج‌های تداخلی پرتکرار در آزمون‌های بالینی:
current,doc-cyp-cyp2d6,en,CYP2D6 Cytochrome P450 Monograph,source-topics,True,True,Hepatic Metabolic Pathway & Clinical Significance: | 🚫 Potent Inhibitors: | ⚡ Inducers: | 🎯 Major Substrates:
current,doc-cyp-cyp2c9,fa,سیتوکروم CYP2C9: تداخلات و مهارکننده‌ها,source-topics,True,True,مسیر متابولیک و اهمیت بالینی: | 🚫 مهارکننده‌ها (Inhibitors): | ⚡ القاکننده‌ها (Inducers): | 🎯 سوبستراها (Substrates): | ⚠️ زوج‌های تداخلی پرتکرار در آزمون‌های بالینی:
current,doc-cyp-cyp2c9,en,CYP2C9 Cytochrome P450 Monograph,source-topics,True,True,Hepatic Metabolic Pathway & Clinical Significance: | 🚫 Potent Inhibitors: | ⚡ Inducers: | 🎯 Major Substrates:
current,doc-cyp-cyp2c19,fa,سیتوکروم CYP2C19: تداخلات و مهارکننده‌ها,source-topics,True,True,مسیر متابولیک و اهمیت بالینی: | 🚫 مهارکننده‌ها (Inhibitors): | ⚡ القاکننده‌ها (Inducers): | 🎯 سوبستراها (Substrates): | ⚠️ زوج‌های تداخلی پرتکرار در آزمون‌های بالینی:
current,doc-cyp-cyp2c19,en,CYP2C19 Cytochrome P450 Monograph,source-topics,True,True,Hepatic Metabolic Pathway & Clinical Significance: | 🚫 Potent Inhibitors: | ⚡ Inducers: | 🎯 Major Substrates:
current,doc-cyp-cyp1a2,fa,سیتوکروم CYP1A2: تداخلات و مهارکننده‌ها,source-topics,True,True,مسیر متابولیک و اهمیت بالینی: | 🚫 مهارکننده‌ها (Inhibitors): | ⚡ القاکننده‌ها (Inducers): | 🎯 سوبستراها (Substrates): | ⚠️ زوج‌های تداخلی پرتکرار در آزمون‌های بالینی:
current,doc-cyp-cyp1a2,en,CYP1A2 Cytochrome P450 Monograph,source-topics,True,True,Hepatic Metabolic Pathway & Clinical Significance: | 🚫 Potent Inhibitors: | ⚡ Inducers: | 🎯 Major Substrates:
current,doc-cyp-pgp,fa,سیتوکروم P-glycoprotein (ABCB1 Transporter): تداخلات و مهارکننده‌ها,source-topics,True,True,مسیر متابولیک و اهمیت بالینی: | 🚫 مهارکننده‌ها (Inhibitors): | ⚡ القاکننده‌ها (Inducers): | 🎯 سوبستراها (Substrates): | ⚠️ زوج‌های تداخلی پرتکرار در آزمون‌های بالینی:
current,doc-cyp-pgp,en,P-glycoprotein (ABCB1 Transporter) Cytochrome P450 Monograph,source-topics,True,True,Hepatic Metabolic Pathway & Clinical Significance: | 🚫 Potent Inhibitors: | ⚡ Inducers: | 🎯 Major Substrates:
current,doc-mechanism-sub-1-2,fa,مکانیسم سلولی: داروهای ضد قارچ و ضد انگل (Antifungals & Anthelmintics),source-topics,True,True,دسته فارماکولوژیک و بیومولکولی: | شرح جامع مکانیسم عمل و فیزیولوژی سلولی: | عملکرد بیوشیمیایی اولیه (Primary Action): | 🔬 زیرگروه‌ها و دسته‌های دارویی کلیدی: | 💊 فرآورده‌های دارای این مکانیسم اثر در قفسه داروخانه:
current,doc-mechanism-sub-1-2,en,Mechanism of Action: Antifungal & Anthelmintic Agents,source-topics,True,True,Pharmacological Class & Target Pathway: | Molecular Mechanism of Action: | Primary Pharmacological Action: | Key Pharmacological Classes:
current,doc-mechanism-sub-5-3,fa,مکانیسم سلولی: درمان‌های سیستمیک و تخصصی ضد قارچ (Systemic Antifungal Therapy),source-topics,True,True,دسته فارماکولوژیک و بیومولکولی: | شرح جامع مکانیسم عمل و فیزیولوژی سلولی: | عملکرد بیوشیمیایی اولیه (Primary Action): | 🔬 زیرگروه‌ها و دسته‌های دارویی کلیدی:
current,doc-mechanism-sub-5-3,en,Mechanism of Action: Systemic Antifungal Therapy,source-topics,True,True,Pharmacological Class & Target Pathway: | Molecular Mechanism of Action: | Primary Pharmacological Action: | Key Pharmacological Classes:
current,doc-mechanism-sub-1-1,fa,مکانیسم سلولی: عفونت‌های ویروسی و ضدالتهاب‌های موضعی (Viral Skin & Topical Corticosteroids),source-topics,True,True,دسته فارماکولوژیک و بیومولکولی: | شرح جامع مکانیسم عمل و فیزیولوژی سلولی: | عملکرد بیوشیمیایی اولیه (Primary Action): | 🔬 زیرگروه‌ها و دسته‌های دارویی کلیدی: | 💊 فرآورده‌های دارای این مکانیسم اثر در قفسه داروخانه:
current,doc-mechanism-sub-1-1,en,Mechanism of Action: Viral Skin Conditions & Topical Corticosteroids,source-topics,True,True,Pharmacological Class & Target Pathway: | Molecular Mechanism of Action: | Primary Pharmacological Action: | Key Pharmacological Classes:
current,doc-mechanism-sub-5-1,fa,مکانیسم سلولی: پنی‌سیلین‌ها و بتالاکتام‌ها (Penicillins & Beta-lactam Antibiotics),source-topics,True,True,دسته فارماکولوژیک و بیومولکولی: | شرح جامع مکانیسم عمل و فیزیولوژی سلولی: | عملکرد بیوشیمیایی اولیه (Primary Action): | 🔬 زیرگروه‌ها و دسته‌های دارویی کلیدی: | 💊 فرآورده‌های دارای این مکانیسم اثر در قفسه داروخانه:
current,doc-mechanism-sub-5-1,en,Mechanism of Action: Penicillins & Beta-lactam Antibiotics,source-topics,True,True,Pharmacological Class & Target Pathway: | Molecular Mechanism of Action: | Primary Pharmacological Action: | Key Pharmacological Classes:
current,doc-mechanism-sub-5-2,fa,مکانیسم سلولی: ماکرولیدها و فلوروکینولون‌ها (Macrolides & Fluoroquinolones),source-topics,True,True,دسته فارماکولوژیک و بیومولکولی: | شرح جامع مکانیسم عمل و فیزیولوژی سلولی: | عملکرد بیوشیمیایی اولیه (Primary Action): | 🔬 زیرگروه‌ها و دسته‌های دارویی کلیدی: | 💊 فرآورده‌های دارای این مکانیسم اثر در قفسه داروخانه:
current,doc-mechanism-sub-5-2,en,Mechanism of Action: Macrolides & Fluoroquinolones,source-topics,True,True,Pharmacological Class & Target Pathway: | Molecular Mechanism of Action: | Primary Pharmacological Action: | Key Pharmacological Classes:
current,doc-mechanism-sub-2-1,fa,مکانیسم سلولی: داروهای کاهنده فشار خون (Antihypertensive Classes: RAAS & CCBs),source-topics,True,True,دسته فارماکولوژیک و بیومولکولی: | شرح جامع مکانیسم عمل و فیزیولوژی سلولی: | عملکرد بیوشیمیایی اولیه (Primary Action): | 🔬 زیرگروه‌ها و دسته‌های دارویی کلیدی: | 💊 فرآورده‌های دارای این مکانیسم اثر در قفسه داروخانه:
current,doc-mechanism-sub-2-1,en,Mechanism of Action: Antihypertensive Agents (RAAS Inhibitors & CCBs),source-topics,True,True,Pharmacological Class & Target Pathway: | Molecular Mechanism of Action: | Primary Pharmacological Action: | Key Pharmacological Classes:
current,doc-mechanism-sub-2-2,fa,مکانیسم سلولی: داروهای ضد انعقاد خون (Anticoagulants: DOACs & Warfarin),source-topics,True,True,دسته فارماکولوژیک و بیومولکولی: | شرح جامع مکانیسم عمل و فیزیولوژی سلولی: | عملکرد بیوشیمیایی اولیه (Primary Action): | 🔬 زیرگروه‌ها و دسته‌های دارویی کلیدی: | 💊 فرآورده‌های دارای این مکانیسم اثر در قفسه داروخانه:
current,doc-mechanism-sub-2-2,en,Mechanism of Action: Anticoagulants: Direct Oral (DOACs) & Warfarin,source-topics,True,True,Pharmacological Class & Target Pathway: | Molecular Mechanism of Action: | Primary Pharmacological Action: | Key Pharmacological Classes:
current,doc-mechanism-sub-2-4,fa,مکانیسم سلولی: داروهای کاهنده چربی و استاتین‌ها (Lipid-Lowering Therapy & Statins),source-topics,True,True,دسته فارماکولوژیک و بیومولکولی: | شرح جامع مکانیسم عمل و فیزیولوژی سلولی: | عملکرد بیوشیمیایی اولیه (Primary Action): | 🔬 زیرگروه‌ها و دسته‌های دارویی کلیدی: | 💊 فرآورده‌های دارای این مکانیسم اثر در قفسه داروخانه:
current,doc-mechanism-sub-2-4,en,Mechanism of Action: Lipid-Lowering Therapy & Statins,source-topics,True,True,Pharmacological Class & Target Pathway: | Molecular Mechanism of Action: | Primary Pharmacological Action: | Key Pharmacological Classes:
current,doc-mechanism-sub-1-5,fa,مکانیسم سلولی: داروهای گوارشی، ضد اسید و PPIها (Gastrointestinal & PPIs),source-topics,True,True,دسته فارماکولوژیک و بیومولکولی: | شرح جامع مکانیسم عمل و فیزیولوژی سلولی: | عملکرد بیوشیمیایی اولیه (Primary Action): | 🔬 زیرگروه‌ها و دسته‌های دارویی کلیدی: | 💊 فرآورده‌های دارای این مکانیسم اثر در قفسه داروخانه:
current,doc-mechanism-sub-1-5,en,Mechanism of Action: Gastrointestinal & Acid Suppressive Agents,source-topics,True,True,Pharmacological Class & Target Pathway: | Molecular Mechanism of Action: | Primary Pharmacological Action: | Key Pharmacological Classes:
current,doc-mechanism-sub-1-4,fa,"مکانیسم سلولی: داروهای تنفسی، اسپری‌ها و ضداحتقان‌ها (Respiratory, Inhalers & Decongestants)",source-topics,True,True,دسته فارماکولوژیک و بیومولکولی: | شرح جامع مکانیسم عمل و فیزیولوژی سلولی: | عملکرد بیوشیمیایی اولیه (Primary Action): | 🔬 زیرگروه‌ها و دسته‌های دارویی کلیدی: | 💊 فرآورده‌های دارای این مکانیسم اثر در قفسه داروخانه:
current,doc-mechanism-sub-1-4,en,Mechanism of Action: Respiratory Inhalers & Sympathomimetic Decongestants,source-topics,True,True,Pharmacological Class & Target Pathway: | Molecular Mechanism of Action: | Primary Pharmacological Action: | Key Pharmacological Classes:
current,doc-mechanism-sub-3-1,fa,مکانیسم سلولی: داروهای ضد افسردگی و مهارکننده بازجذب سروتونین (SSRIs & Antidepressants),source-topics,True,True,دسته فارماکولوژیک و بیومولکولی: | شرح جامع مکانیسم عمل و فیزیولوژی سلولی: | عملکرد بیوشیمیایی اولیه (Primary Action): | 🔬 زیرگروه‌ها و دسته‌های دارویی کلیدی: | 💊 فرآورده‌های دارای این مکانیسم اثر در قفسه داروخانه:
current,doc-mechanism-sub-3-1,en,Mechanism of Action: SSRIs & Psychotropic Antidepressants,source-topics,True,True,Pharmacological Class & Target Pathway: | Molecular Mechanism of Action: | Primary Pharmacological Action: | Key Pharmacological Classes:
current,doc-mechanism-sub-4-1,fa,مکانیسم سلولی: داروهای ضد دیابت و کنترل گلایسمیک (Antidiabetic Agents & SGLT2i),source-topics,True,True,دسته فارماکولوژیک و بیومولکولی: | شرح جامع مکانیسم عمل و فیزیولوژی سلولی: | عملکرد بیوشیمیایی اولیه (Primary Action): | 🔬 زیرگروه‌ها و دسته‌های دارویی کلیدی: | 💊 فرآورده‌های دارای این مکانیسم اثر در قفسه داروخانه:
current,doc-mechanism-sub-4-1,en,Mechanism of Action: Antidiabetic Therapy & Glycaemic Control,source-topics,True,True,Pharmacological Class & Target Pathway: | Molecular Mechanism of Action: | Primary Pharmacological Action: | Key Pharmacological Classes:
current,doc-mechanism-sub-3-4,fa,مکانیسم سلولی: ضد دردهای اپیوئیدی و داروهای تحت کنترل S8 (Opioid Analgesics & Antagonists),source-topics,True,True,دسته فارماکولوژیک و بیومولکولی: | شرح جامع مکانیسم عمل و فیزیولوژی سلولی: | عملکرد بیوشیمیایی اولیه (Primary Action): | 🔬 زیرگروه‌ها و دسته‌های دارویی کلیدی: | 💊 فرآورده‌های دارای این مکانیسم اثر در قفسه داروخانه:
current,doc-mechanism-sub-3-4,en,Mechanism of Action: Opioid Analgesics & Receptor Antagonists,source-topics,True,True,Pharmacological Class & Target Pathway: | Molecular Mechanism of Action: | Primary Pharmacological Action: | Key Pharmacological Classes:
current,doc-mechanism-sub-1-3,fa,مکانیسم سلولی: قطره‌های چشمی، گلوکوم و گوش (Ophthalmic & Otology Protocols),source-topics,True,True,دسته فارماکولوژیک و بیومولکولی: | شرح جامع مکانیسم عمل و فیزیولوژی سلولی: | عملکرد بیوشیمیایی اولیه (Primary Action): | 🔬 زیرگروه‌ها و دسته‌های دارویی کلیدی: | 💊 فرآورده‌های دارای این مکانیسم اثر در قفسه داروخانه:
current,doc-mechanism-sub-1-3,en,"Mechanism of Action: Ophthalmic, Glaucoma & Otology Protocols",source-topics,True,True,Pharmacological Class & Target Pathway: | Molecular Mechanism of Action: | Primary Pharmacological Action: | Key Pharmacological Classes:
current,doc-concept-concept-hypokalemia,fa,نکته بالینی: هیپوکالمی ناشی از دیورتیک‌ها و سمیت دیگوکسین,single-unit,True,True,نکته بالینی: هیپوکالمی ناشی از دیورتیک‌ها و سمیت دیگوکسین
current,doc-concept-concept-hypokalemia,en,Clinical Concept: Diuretic-Induced Hypokalemia & Digoxin Toxicity,single-unit,True,True,Clinical Concept: Diuretic-Induced Hypokalemia & Digoxin Toxicity
current,doc-concept-concept-dysphagia,fa,نکته بالینی: دیسفاژی (اشکال در بلع) و خطر اولسر مری,single-unit,True,True,نکته بالینی: دیسفاژی (اشکال در بلع) و خطر اولسر مری
current,doc-concept-concept-dysphagia,en,"Clinical Concept: Dysphagia, Pill-Induced Esophagitis & Red Flag Assessment",single-unit,True,True,"Clinical Concept: Dysphagia, Pill-Induced Esophagitis & Red Flag Assessment"
current,doc-concept-concept-pregnancy-teratogen,fa,نکته بالینی: داروهای تراتوژن و ممنوع در بارداری (Category D/X),single-unit,True,True,نکته بالینی: داروهای تراتوژن و ممنوع در بارداری (Category D/X)
current,doc-concept-concept-pregnancy-teratogen,en,Clinical Concept: Teratogenic Medications & Pregnancy Safety (Category D/X),single-unit,True,True,Clinical Concept: Teratogenic Medications & Pregnancy Safety (Category D/X)
current,doc-concept-concept-cyp3a4-inhibitor,fa,نکته بالینی: مهارکننده‌های قوی CYP3A4 و خطر سمیت استاتین‌ها,single-unit,True,True,نکته بالینی: مهارکننده‌های قوی CYP3A4 و خطر سمیت استاتین‌ها
current,doc-concept-concept-cyp3a4-inhibitor,en,Clinical Concept: Potent CYP3A4 Inhibitors & Statin Toxicity Risk,single-unit,True,True,Clinical Concept: Potent CYP3A4 Inhibitors & Statin Toxicity Risk
current,doc-concept-concept-cyp2d6-inhibitor,fa,نکته بالینی: مهارکننده‌های CYP2D6 و فعال‌سازی پرودراگ‌های اپیوئیدی,single-unit,True,True,نکته بالینی: مهارکننده‌های CYP2D6 و فعال‌سازی پرودراگ‌های اپیوئیدی
current,doc-concept-concept-cyp2d6-inhibitor,en,Clinical Concept: CYP2D6 Polymorphism & Opioid Prodrug Activation,single-unit,True,True,Clinical Concept: CYP2D6 Polymorphism & Opioid Prodrug Activation
current,doc-concept-concept-cyp2c19-inhibitor,fa,نکته بالینی: تداخل امپرازول و کلوپیدوگرل از طریق CYP2C19,single-unit,True,True,نکته بالینی: تداخل امپرازول و کلوپیدوگرل از طریق CYP2C19
current,doc-concept-concept-cyp2c19-inhibitor,en,Clinical Concept: Omeprazole & Clopidogrel CYP2C19 Interaction,single-unit,True,True,Clinical Concept: Omeprazole & Clopidogrel CYP2C19 Interaction
current,doc-concept-concept-cyp-inducer,fa,نکته بالینی: القاکننده‌های آنزیمی قوی (ریفاپین، کاربامازپین، سنت جانز وورت),single-unit,True,True,نکته بالینی: القاکننده‌های آنزیمی قوی (ریفاپین، کاربامازپین، سنت جانز وورت)
current,doc-concept-concept-cyp-inducer,en,Clinical Concept: Potent CYP Inducers & Therapeutic Failure,single-unit,True,True,Clinical Concept: Potent CYP Inducers & Therapeutic Failure
current,doc-concept-concept-project-stop,fa,نکته بالینی: ثبت حوزه‌محور سودوافدرین S3 و کاربرد Project STOP در NSW,source-topics,True,True,مقدمه | شرح بالینی و علت سمیت / تداخل: | یادداشت حوزهٔ قضایی و منابع رسمی
current,doc-concept-concept-project-stop,en,Clinical Concept: Jurisdiction-Specific Pseudoephedrine S3 Recording & Project STOP in NSW,source-topics,True,True,Overview | Clinical Mechanism & Toxicological Rationale: | Jurisdiction note & official references
current,doc-concept-concept-chronic-cough-8w,fa,نکته بالینی: سرفه مزمن بیش از ۸ هفته (Red Flag در بزرگسالان),single-unit,True,True,نکته بالینی: سرفه مزمن بیش از ۸ هفته (Red Flag در بزرگسالان)
current,doc-concept-concept-chronic-cough-8w,en,Clinical Concept: Chronic Cough > 8 Weeks (Adult Red Flag Protocol),single-unit,True,True,Clinical Concept: Chronic Cough > 8 Weeks (Adult Red Flag Protocol)
current,doc-concept-concept-ototoxicity,fa,نکته بالینی: اتوتوکسیسیتی و منع مصرف قطره‌ها در پارگی پرده تمپان,single-unit,True,True,نکته بالینی: اتوتوکسیسیتی و منع مصرف قطره‌ها در پارگی پرده تمپان
current,doc-concept-concept-ototoxicity,en,Clinical Concept: Ototoxicity & Perforated Tympanic Membrane Precautions,single-unit,True,True,Clinical Concept: Ototoxicity & Perforated Tympanic Membrane Precautions
current,doc-concept-concept-rhabdomyolysis,fa,نکته بالینی: رابدوومیولیز و نکروز عضلانی ناشی از استاتین‌ها,single-unit,True,True,نکته بالینی: رابدوومیولیز و نکروز عضلانی ناشی از استاتین‌ها
current,doc-concept-concept-rhabdomyolysis,en,Clinical Concept: Statin-Induced Myopathy & Rhabdomyolysis Monitoring,single-unit,True,True,Clinical Concept: Statin-Induced Myopathy & Rhabdomyolysis Monitoring
current,doc-concept-concept-porphyria,fa,نکته بالینی: پورفیری حاد کبدی و داروهای پورفیروژنیک,single-unit,True,True,نکته بالینی: پورفیری حاد کبدی و داروهای پورفیروژنیک
current,doc-concept-concept-porphyria,en,Clinical Concept: Acute Hepatic Porphyria & Unsafe Medications,single-unit,True,True,Clinical Concept: Acute Hepatic Porphyria & Unsafe Medications
current,doc-concept-concept-tdm-narrow-nti,fa,نکته بالینی: داروهای با پنجره درمانی باریک (NTI) و پایش TDM,single-unit,True,True,نکته بالینی: داروهای با پنجره درمانی باریک (NTI) و پایش TDM
current,doc-concept-concept-tdm-narrow-nti,en,Clinical Concept: Narrow Therapeutic Index (NTI) Drugs & TDM Monitoring,single-unit,True,True,Clinical Concept: Narrow Therapeutic Index (NTI) Drugs & TDM Monitoring
current,doc-concept-concept-s3-pharmacist-counseling,fa,نکته بالینی: پروتکل مشاوره و ارزیابی مستقیم داروساز در داروهای S3,single-unit,True,True,نکته بالینی: پروتکل مشاوره و ارزیابی مستقیم داروساز در داروهای S3
current,doc-concept-concept-s3-pharmacist-counseling,en,Clinical Concept: Schedule 3 Pharmacist Only Medicine Mandatory Consultation,single-unit,True,True,Clinical Concept: Schedule 3 Pharmacist Only Medicine Mandatory Consultation
current,doc-concept-concept-cold-chain-storage,fa,نکته بالینی: مدیریت زنجیره سرد (۲ تا ۸ درجه سانتی‌گراد) و پایداری داروها,single-unit,True,True,نکته بالینی: مدیریت زنجیره سرد (۲ تا ۸ درجه سانتی‌گراد) و پایداری داروها
current,doc-concept-concept-cold-chain-storage,en,Clinical Concept: Cold Chain Management (2°C - 8°C) & Temperature Breaches,single-unit,True,True,Clinical Concept: Cold Chain Management (2°C - 8°C) & Temperature Breaches
current,doc-concept-concept-gastrointestinal-bleeding,fa,نکته بالینی: خونریزی گوارشی، ملنا و مصرف همزمان NSAID با ضدانعقادها,single-unit,True,True,نکته بالینی: خونریزی گوارشی، ملنا و مصرف همزمان NSAID با ضدانعقادها
current,doc-concept-concept-gastrointestinal-bleeding,en,"Clinical Concept: Gastrointestinal Bleeding, Melena & NSAID + Anticoagulant Risk",single-unit,True,True,"Clinical Concept: Gastrointestinal Bleeding, Melena & NSAID + Anticoagulant Risk"
current,doc-concept-concept-qtc-prolongation,fa,نکته بالینی: طولانی شدن فاصله QTc و خطر آریتمی Torsades de Pointes,single-unit,True,True,نکته بالینی: طولانی شدن فاصله QTc و خطر آریتمی Torsades de Pointes
current,doc-concept-concept-qtc-prolongation,en,Clinical Concept: Drug-Induced QTc Prolongation & Torsades de Pointes Risk,single-unit,True,True,Clinical Concept: Drug-Induced QTc Prolongation & Torsades de Pointes Risk
current,doc-concept-concept-sjs-ten-rash,fa,نکته بالینی: سندرم استیونز-جانسون (SJS/TEN) و راش‌های دارویی تاول‌دار,single-unit,True,True,نکته بالینی: سندرم استیونز-جانسون (SJS/TEN) و راش‌های دارویی تاول‌دار
current,doc-concept-concept-sjs-ten-rash,en,Clinical Concept: Stevens-Johnson Syndrome (SJS/TEN) & Cutaneous Drug Reactions,single-unit,True,True,Clinical Concept: Stevens-Johnson Syndrome (SJS/TEN) & Cutaneous Drug Reactions
current,doc-concept-concept-fentanyl-heat-hazard,fa,نکته بالینی: خطرات افزایش حرارت موضعی بر پچ ترنس‌درمال فنتانیل,single-unit,True,True,نکته بالینی: خطرات افزایش حرارت موضعی بر پچ ترنس‌درمال فنتانیل
current,doc-concept-concept-fentanyl-heat-hazard,en,Clinical Concept: Heat-Induced Accelerated Release in Transdermal Fentanyl Patches,single-unit,True,True,Clinical Concept: Heat-Induced Accelerated Release in Transdermal Fentanyl Patches
current,doc-concept-concept-disulfiram-reaction,fa,نکته بالینی: واکنش شبه‌دی‌سولفیرام (مترونیدازول و مصرف الکل),single-unit,True,True,نکته بالینی: واکنش شبه‌دی‌سولفیرام (مترونیدازول و مصرف الکل)
current,doc-concept-concept-disulfiram-reaction,en,Clinical Concept: Disulfiram-Like Reaction with Metronidazole & Alcohol,single-unit,True,True,Clinical Concept: Disulfiram-Like Reaction with Metronidazole & Alcohol
current,doc-concept-concept-siadh-hyponatremia,fa,نکته بالینی: هیپوناترمی ناشی از ترشح نابجای ADH (SIADH با SSRIها),single-unit,True,True,نکته بالینی: هیپوناترمی ناشی از ترشح نابجای ADH (SIADH با SSRIها)
current,doc-concept-concept-siadh-hyponatremia,en,Clinical Concept: Drug-Induced SIADH & Hyponatremia with SSRIs,single-unit,True,True,Clinical Concept: Drug-Induced SIADH & Hyponatremia with SSRIs
current,doc-concept-concept-chickenpox-ibuprofen,fa,نکته بالینی: منع مصرف ایبوپروفن در آبله‌مرغان (خطر عفونت نکروزان پوستی),single-unit,True,True,نکته بالینی: منع مصرف ایبوپروفن در آبله‌مرغان (خطر عفونت نکروزان پوستی)
current,doc-concept-concept-chickenpox-ibuprofen,en,Clinical Concept: Contraindication of NSAIDs in Varicella (Necrotising Fasciitis Risk),single-unit,True,True,Clinical Concept: Contraindication of NSAIDs in Varicella (Necrotising Fasciitis Risk)
current,doc-concept-concept-triple-whammy,fa,نکته بالینی: تداخل سه‌گانه مرگبار کلیوی (Triple Whammy: ACEI + Diuretic + NSAID),single-unit,True,True,نکته بالینی: تداخل سه‌گانه مرگبار کلیوی (Triple Whammy: ACEI + Diuretic + NSAID)
current,doc-concept-concept-triple-whammy,en,Clinical Concept: Triple Whammy Acute Kidney Injury (ACEI/ARB + Diuretic + NSAID),single-unit,True,True,Clinical Concept: Triple Whammy Acute Kidney Injury (ACEI/ARB + Diuretic + NSAID)
current,doc-concept-concept-chew-and-park,fa,نکته بالینی: تکنیک صحیح آدامس نیکوتین (Chew and Park Method),single-unit,True,True,نکته بالینی: تکنیک صحیح آدامس نیکوتین (Chew and Park Method)
current,doc-concept-concept-chew-and-park,en,Clinical Concept: Nicotine Gum Proper Administration: Chew and Park Technique,single-unit,True,True,Clinical Concept: Nicotine Gum Proper Administration: Chew and Park Technique
current,doc-concept-concept-pinworm-family-repeat,fa,نکته بالینی: درمان کرمک (Enterobiasis): دوز همزمان خانواده و تکرار پس از ۲ هفته,single-unit,True,True,نکته بالینی: درمان کرمک (Enterobiasis): دوز همزمان خانواده و تکرار پس از ۲ هفته
current,doc-concept-concept-pinworm-family-repeat,en,Clinical Concept: Pinworm Eradication: Simultaneous Household Dosing & 2-Week Repeat,single-unit,True,True,Clinical Concept: Pinworm Eradication: Simultaneous Household Dosing & 2-Week Repeat
current,doc-concept-concept-antacid-2h-separation,fa,نکته بالینی: فاصله زمانی حداقل ۲ ساعت در مصرف آنتی‌اسیدها با سایر داروها,single-unit,True,True,نکته بالینی: فاصله زمانی حداقل ۲ ساعت در مصرف آنتی‌اسیدها با سایر داروها
current,doc-concept-concept-antacid-2h-separation,en,Clinical Concept: Antacid Dosing Separation (2 Hours) & Chelation Interactions,single-unit,True,True,Clinical Concept: Antacid Dosing Separation (2 Hours) & Chelation Interactions
current,doc-concept-concept-naloxone-emergency,fa,نکته بالینی: استفاده اورژانسی از اسپری نالوکسون (Nyxoid) در اوردوز اپیوئید,single-unit,True,True,نکته بالینی: استفاده اورژانسی از اسپری نالوکسون (Nyxoid) در اوردوز اپیوئید
current,doc-concept-concept-naloxone-emergency,en,Clinical Concept: Emergency Take-Home Naloxone (THN) Protocol in Opioid Overdose,single-unit,True,True,Clinical Concept: Emergency Take-Home Naloxone (THN) Protocol in Opioid Overdose
current,doc-concept-concept-cephalexin-resistance,fa,نکته بالینی: مقاومت سفالکسین در برابر استاف اورئوس و برتری فلوکلوگزاسیلین,single-unit,True,True,نکته بالینی: مقاومت سفالکسین در برابر استاف اورئوس و برتری فلوکلوگزاسیلین
current,doc-concept-concept-cephalexin-resistance,en,Clinical Concept: Flucloxacillin vs. Cephalexin in Staphylococcal Skin Infections,single-unit,True,True,Clinical Concept: Flucloxacillin vs. Cephalexin in Staphylococcal Skin Infections
current,doc-concept-concept-acne-pregnancy-clindamycin,fa,نکته بالینی: مدیریت آکنه در بارداری و ایمنی کلیندامایسین موضعی,single-unit,True,True,نکته بالینی: مدیریت آکنه در بارداری و ایمنی کلیندامایسین موضعی
current,doc-concept-concept-acne-pregnancy-clindamycin,en,Clinical Concept: Acne Management in Pregnancy & Topical Clindamycin Safety,single-unit,True,True,Clinical Concept: Acne Management in Pregnancy & Topical Clindamycin Safety
current,doc-concept-concept-vaccine-spacing-rules,fa,نکته بالینی: قوانین فواصل تزریق واکسن‌های زنده و غیرزنده در استرالیا,single-unit,True,True,نکته بالینی: قوانین فواصل تزریق واکسن‌های زنده و غیرزنده در استرالیا
current,doc-concept-concept-vaccine-spacing-rules,en,Clinical Concept: Australian Immunisation Handbook Live Vaccine Spacing Rules,single-unit,True,True,Clinical Concept: Australian Immunisation Handbook Live Vaccine Spacing Rules
current,doc-concept-concept-ogtt-gestational-diabetes,fa,نکته بالینی: تست تحمل گلوکز خوراکی (OGTT) در هفته ۲۴ تا ۲۸ بارداری,single-unit,True,True,نکته بالینی: تست تحمل گلوکز خوراکی (OGTT) در هفته ۲۴ تا ۲۸ بارداری
current,doc-concept-concept-ogtt-gestational-diabetes,en,Clinical Concept: Oral Glucose Tolerance Test (OGTT) for Gestational Diabetes,single-unit,True,True,Clinical Concept: Oral Glucose Tolerance Test (OGTT) for Gestational Diabetes
current,doc-concept-concept-amiodarone-monitoring-toxicity,fa,نکته بالینی: پایش‌های چندسیستمی آمیودارون (تیروئید، ریه، کبد و چشم),single-unit,True,True,نکته بالینی: پایش‌های چندسیستمی آمیودارون (تیروئید، ریه، کبد و چشم)
current,doc-concept-concept-amiodarone-monitoring-toxicity,en,"Clinical Concept: Amiodarone Multisystem Toxicity Monitoring (Thyroid, LFT, PFT, Eyes)",single-unit,True,True,"Clinical Concept: Amiodarone Multisystem Toxicity Monitoring (Thyroid, LFT, PFT, Eyes)"
current,doc-concept-concept-hypertension-pregnancy-labetalol,fa,نکته بالینی: داروهای انتخابی در پرفشاری خون بارداری (لبتالول، متیل‌دوپا),single-unit,True,True,نکته بالینی: داروهای انتخابی در پرفشاری خون بارداری (لبتالول، متیل‌دوپا)
current,doc-concept-concept-hypertension-pregnancy-labetalol,en,"Clinical Concept: Antihypertensives of Choice in Pregnancy (Labetalol, Methyldopa, Nifedipine)",single-unit,True,True,"Clinical Concept: Antihypertensives of Choice in Pregnancy (Labetalol, Methyldopa, Nifedipine)"
current,doc-concept-concept-ssri-serotonin-syndrome,fa,نکته بالینی: سندرم سروتونین و معیارهای تشخیصی هانتر (Hunter Criteria),single-unit,True,True,نکته بالینی: سندرم سروتونین و معیارهای تشخیصی هانتر (Hunter Criteria)
current,doc-concept-concept-ssri-serotonin-syndrome,en,Clinical Concept: Serotonin Toxicity / Syndrome & Hunter Diagnostic Criteria,single-unit,True,True,Clinical Concept: Serotonin Toxicity / Syndrome & Hunter Diagnostic Criteria
current,doc-concept-concept-warfarin-inr-reversal,fa,نکته بالینی: مدیریت نوسانات INR و معکوس‌سازی اثر وارفارین با ویتامین K,single-unit,True,True,نکته بالینی: مدیریت نوسانات INR و معکوس‌سازی اثر وارفارین با ویتامین K
current,doc-concept-concept-warfarin-inr-reversal,en,Clinical Concept: Warfarin High INR Management & Vitamin K Reversal Guidelines,single-unit,True,True,Clinical Concept: Warfarin High INR Management & Vitamin K Reversal Guidelines
current,doc-product-prod-panadol-500,fa,مونوگراف: Panadol 500mg (Paracetamol),single-unit,True,True,مونوگراف: Panadol 500mg (Paracetamol)
current,doc-product-prod-panadol-500,en,Panadol 500mg (Paracetamol) - Product Monograph,single-unit,True,True,Panadol 500mg (Paracetamol) - Product Monograph
current,doc-product-prod-panadol-osteo,fa,مونوگراف: Panadol Osteo 665mg (Paracetamol (Modified Release)),single-unit,True,True,مونوگراف: Panadol Osteo 665mg (Paracetamol (Modified Release))
current,doc-product-prod-panadol-osteo,en,Panadol Osteo 665mg (Paracetamol (Modified Release)) - Product Monograph,single-unit,True,True,Panadol Osteo 665mg (Paracetamol (Modified Release)) - Product Monograph
current,doc-product-prod-nurofen-200,fa,مونوگراف: Nurofen 200mg (Ibuprofen),single-unit,True,True,مونوگراف: Nurofen 200mg (Ibuprofen)
current,doc-product-prod-nurofen-200,en,Nurofen 200mg (Ibuprofen) - Product Monograph,single-unit,True,True,Nurofen 200mg (Ibuprofen) - Product Monograph
current,doc-product-prod-voltaren-rapid-25,fa,مونوگراف: Voltaren Rapid 25 (Diclofenac Potassium),single-unit,True,True,مونوگراف: Voltaren Rapid 25 (Diclofenac Potassium)
current,doc-product-prod-voltaren-rapid-25,en,Voltaren Rapid 25 (Diclofenac Potassium) - Product Monograph,single-unit,True,True,Voltaren Rapid 25 (Diclofenac Potassium) - Product Monograph
current,doc-product-prod-nuromol-tablets,fa,مونوگراف: Nuromol Tablets (Paracetamol + Ibuprofen),single-unit,True,True,مونوگراف: Nuromol Tablets (Paracetamol + Ibuprofen)
current,doc-product-prod-nuromol-tablets,en,Nuromol Tablets (Paracetamol + Ibuprofen) - Product Monograph,single-unit,True,True,Nuromol Tablets (Paracetamol + Ibuprofen) - Product Monograph
current,doc-product-prod-aspirin-300,fa,مونوگراف: Aspro Clear 300mg (Aspirin (Soluble / Effervescent)),single-unit,True,True,مونوگراف: Aspro Clear 300mg (Aspirin (Soluble / Effervescent))
current,doc-product-prod-aspirin-300,en,Aspro Clear 300mg (Aspirin (Soluble / Effervescent)) - Product Monograph,single-unit,True,True,Aspro Clear 300mg (Aspirin (Soluble / Effervescent)) - Product Monograph
current,doc-product-prod-diflucan-150,fa,مونوگراف: Diflucan One 150mg (Fluconazole),single-unit,True,True,مونوگراف: Diflucan One 150mg (Fluconazole)
current,doc-product-prod-diflucan-150,en,Diflucan One 150mg (Fluconazole) - Product Monograph,single-unit,True,True,Diflucan One 150mg (Fluconazole) - Product Monograph
current,doc-product-prod-canesten-cream,fa,مونوگراف: Canesten Topical Cream 1% (Clotrimazole),single-unit,True,True,مونوگراف: Canesten Topical Cream 1% (Clotrimazole)
current,doc-product-prod-canesten-cream,en,Canesten Topical Cream 1% (Clotrimazole) - Product Monograph,single-unit,True,True,Canesten Topical Cream 1% (Clotrimazole) - Product Monograph
current,doc-product-prod-lamisil-cream,fa,مونوگراف: Lamisil Cream 1% (Terbinafine Hydrochloride),single-unit,True,True,مونوگراف: Lamisil Cream 1% (Terbinafine Hydrochloride)
current,doc-product-prod-lamisil-cream,en,Lamisil Cream 1% (Terbinafine Hydrochloride) - Product Monograph,single-unit,True,True,Lamisil Cream 1% (Terbinafine Hydrochloride) - Product Monograph
current,doc-product-prod-loceryl-nail-lacquer,fa,مونوگراف: Loceryl Nail Lacquer 5% (Amorolfine),single-unit,True,True,مونوگراف: Loceryl Nail Lacquer 5% (Amorolfine)
current,doc-product-prod-loceryl-nail-lacquer,en,Loceryl Nail Lacquer 5% (Amorolfine) - Product Monograph,single-unit,True,True,Loceryl Nail Lacquer 5% (Amorolfine) - Product Monograph
current,doc-product-prod-combantrin-choc-squares,fa,مونوگراف: Combantrin Chocolate Squares (Pyrantel Embonate),single-unit,True,True,مونوگراف: Combantrin Chocolate Squares (Pyrantel Embonate)
current,doc-product-prod-combantrin-choc-squares,en,Combantrin Chocolate Squares (Pyrantel Embonate) - Product Monograph,single-unit,True,True,Combantrin Chocolate Squares (Pyrantel Embonate) - Product Monograph
current,doc-product-prod-vermox-tablets,fa,مونوگراف: Vermox 100mg Tablets (Mebendazole),single-unit,True,True,مونوگراف: Vermox 100mg Tablets (Mebendazole)
current,doc-product-prod-vermox-tablets,en,Vermox 100mg Tablets (Mebendazole) - Product Monograph,single-unit,True,True,Vermox 100mg Tablets (Mebendazole) - Product Monograph
current,doc-product-prod-lyclear-scabies-cream,fa,مونوگراف: Lyclear Scabies Cream 5% (Permethrin),single-unit,True,True,مونوگراف: Lyclear Scabies Cream 5% (Permethrin)
current,doc-product-prod-lyclear-scabies-cream,en,Lyclear Scabies Cream 5% (Permethrin) - Product Monograph,single-unit,True,True,Lyclear Scabies Cream 5% (Permethrin) - Product Monograph
current,doc-product-prod-chlorsig-eye-drops,fa,مونوگراف: Chlorsig 0.5% Eye Drops (Chloramphenicol),single-unit,True,True,مونوگراف: Chlorsig 0.5% Eye Drops (Chloramphenicol)
current,doc-product-prod-chlorsig-eye-drops,en,Chlorsig 0.5% Eye Drops (Chloramphenicol) - Product Monograph,single-unit,True,True,Chlorsig 0.5% Eye Drops (Chloramphenicol) - Product Monograph
current,doc-product-prod-systane-ultra-drops,fa,مونوگراف: Systane Ultra Lubricant Eye Drops (Polyethylene Glycol + Propylene Glycol),single-unit,True,True,مونوگراف: Systane Ultra Lubricant Eye Drops (Polyethylene Glycol + Propylene Glycol)
current,doc-product-prod-systane-ultra-drops,en,Systane Ultra Lubricant Eye Drops (Polyethylene Glycol + Propylene Glycol) - Product Monograph,single-unit,True,True,Systane Ultra Lubricant Eye Drops (Polyethylene Glycol + Propylene Glycol) - Product Monograph
current,doc-product-prod-zaditen-eye-drops,fa,مونوگراف: Zaditen Eye Drops 0.025% (Ketotifen Fumarate),single-unit,True,True,مونوگراف: Zaditen Eye Drops 0.025% (Ketotifen Fumarate)
current,doc-product-prod-zaditen-eye-drops,en,Zaditen Eye Drops 0.025% (Ketotifen Fumarate) - Product Monograph,single-unit,True,True,Zaditen Eye Drops 0.025% (Ketotifen Fumarate) - Product Monograph
current,doc-product-prod-waxsol-ear-drops,fa,مونوگراف: Waxsol Ear Drops (Docusate Sodium (Otic)),single-unit,True,True,مونوگراف: Waxsol Ear Drops (Docusate Sodium (Otic))
current,doc-product-prod-waxsol-ear-drops,en,Waxsol Ear Drops (Docusate Sodium (Otic)) - Product Monograph,single-unit,True,True,Waxsol Ear Drops (Docusate Sodium (Otic)) - Product Monograph
current,doc-product-prod-aqua-ear-drops,fa,مونوگراف: Aqua Ear Solution (Acetic Acid + Isopropyl Alcohol),single-unit,True,True,مونوگراف: Aqua Ear Solution (Acetic Acid + Isopropyl Alcohol)
current,doc-product-prod-aqua-ear-drops,en,Aqua Ear Solution (Acetic Acid + Isopropyl Alcohol) - Product Monograph,single-unit,True,True,Aqua Ear Solution (Acetic Acid + Isopropyl Alcohol) - Product Monograph
current,doc-product-prod-sudafed-sinus-decongestant,fa,مونوگراف: Sudafed Sinus Decongestant (Pseudoephedrine Hydrochloride),single-unit,True,True,مونوگراف: Sudafed Sinus Decongestant (Pseudoephedrine Hydrochloride)
current,doc-product-prod-sudafed-sinus-decongestant,en,Sudafed Sinus Decongestant (Pseudoephedrine Hydrochloride) - Product Monograph,single-unit,True,True,Sudafed Sinus Decongestant (Pseudoephedrine Hydrochloride) - Product Monograph
current,doc-product-prod-telfast-180,fa,مونوگراف: Telfast 180mg (Fexofenadine Hydrochloride),single-unit,True,True,مونوگراف: Telfast 180mg (Fexofenadine Hydrochloride)
current,doc-product-prod-telfast-180,en,Telfast 180mg (Fexofenadine Hydrochloride) - Product Monograph,single-unit,True,True,Telfast 180mg (Fexofenadine Hydrochloride) - Product Monograph
current,doc-product-prod-zyrtec-10,fa,مونوگراف: Zyrtec 10mg (Cetirizine Hydrochloride),single-unit,True,True,مونوگراف: Zyrtec 10mg (Cetirizine Hydrochloride)
current,doc-product-prod-zyrtec-10,en,Zyrtec 10mg (Cetirizine Hydrochloride) - Product Monograph,single-unit,True,True,Zyrtec 10mg (Cetirizine Hydrochloride) - Product Monograph
current,doc-product-prod-rhinocort-hayfever,fa,مونوگراف: Rhinocort Hayfever 64mcg (Budesonide (Nasal)),single-unit,True,True,مونوگراف: Rhinocort Hayfever 64mcg (Budesonide (Nasal))
current,doc-product-prod-rhinocort-hayfever,en,Rhinocort Hayfever 64mcg (Budesonide (Nasal)) - Product Monograph,single-unit,True,True,Rhinocort Hayfever 64mcg (Budesonide (Nasal)) - Product Monograph
current,doc-product-prod-dimetapp-nasal-spray,fa,مونوگراف: Dimetapp 12 Hour Nasal Spray (Oxymetazoline Hydrochloride),single-unit,True,True,مونوگراف: Dimetapp 12 Hour Nasal Spray (Oxymetazoline Hydrochloride)
current,doc-product-prod-dimetapp-nasal-spray,en,Dimetapp 12 Hour Nasal Spray (Oxymetazoline Hydrochloride) - Product Monograph,single-unit,True,True,Dimetapp 12 Hour Nasal Spray (Oxymetazoline Hydrochloride) - Product Monograph
current,doc-product-prod-robitussin-dry-cough,fa,مونوگراف: Robitussin Dry Cough Forte (Dextromethorphan Hydrobromide),single-unit,True,True,مونوگراف: Robitussin Dry Cough Forte (Dextromethorphan Hydrobromide)
current,doc-product-prod-robitussin-dry-cough,en,Robitussin Dry Cough Forte (Dextromethorphan Hydrobromide) - Product Monograph,single-unit,True,True,Robitussin Dry Cough Forte (Dextromethorphan Hydrobromide) - Product Monograph
current,doc-product-prod-bisolvon-chesty-forte,fa,مونوگراف: Bisolvon Chesty Forte Liquid (Bromhexine Hydrochloride),single-unit,True,True,مونوگراف: Bisolvon Chesty Forte Liquid (Bromhexine Hydrochloride)
current,doc-product-prod-bisolvon-chesty-forte,en,Bisolvon Chesty Forte Liquid (Bromhexine Hydrochloride) - Product Monograph,single-unit,True,True,Bisolvon Chesty Forte Liquid (Bromhexine Hydrochloride) - Product Monograph
current,doc-product-prod-ventolin-inhaler,fa,مونوگراف: Ventolin CFC-Free Inhaler 100mcg (Salbutamol),single-unit,True,True,مونوگراف: Ventolin CFC-Free Inhaler 100mcg (Salbutamol)
current,doc-product-prod-ventolin-inhaler,en,Ventolin CFC-Free Inhaler 100mcg (Salbutamol) - Product Monograph,single-unit,True,True,Ventolin CFC-Free Inhaler 100mcg (Salbutamol) - Product Monograph
current,doc-product-prod-nicorette-gum-4mg,fa,مونوگراف: Nicorette Gum 4mg (Nicotine Polacrilex),single-unit,True,True,مونوگراف: Nicorette Gum 4mg (Nicotine Polacrilex)
current,doc-product-prod-nicorette-gum-4mg,en,Nicorette Gum 4mg (Nicotine Polacrilex) - Product Monograph,single-unit,True,True,Nicorette Gum 4mg (Nicotine Polacrilex) - Product Monograph
current,doc-product-prod-nexium-24hr,fa,مونوگراف: Nexium 24HR 20mg (Esomeprazole Magnesium),single-unit,True,True,مونوگراف: Nexium 24HR 20mg (Esomeprazole Magnesium)
current,doc-product-prod-nexium-24hr,en,Nexium 24HR 20mg (Esomeprazole Magnesium) - Product Monograph,single-unit,True,True,Nexium 24HR 20mg (Esomeprazole Magnesium) - Product Monograph
current,doc-product-prod-gaviscon-dual-action,fa,مونوگراف: Gaviscon Dual Action Liquid (Sodium Alginate + Sodium Bicarbonate + Calcium Carbonate),single-unit,True,True,مونوگراف: Gaviscon Dual Action Liquid (Sodium Alginate + Sodium Bicarbonate + Calcium Carbonate)
current,doc-product-prod-gaviscon-dual-action,en,Gaviscon Dual Action Liquid (Sodium Alginate + Sodium Bicarbonate + Calcium Carbonate) - Product Monograph,single-unit,True,True,Gaviscon Dual Action Liquid (Sodium Alginate + Sodium Bicarbonate + Calcium Carbonate) - Product Monograph
current,doc-product-prod-gastro-stop-2mg,fa,مونوگراف: Gastro-Stop 2mg (Loperamide Hydrochloride),single-unit,True,True,مونوگراف: Gastro-Stop 2mg (Loperamide Hydrochloride)
current,doc-product-prod-gastro-stop-2mg,en,Gastro-Stop 2mg (Loperamide Hydrochloride) - Product Monograph,single-unit,True,True,Gastro-Stop 2mg (Loperamide Hydrochloride) - Product Monograph
current,doc-product-prod-hydralyte-effervescent,fa,مونوگراف: Hydralyte Electrolyte Effervescent Tablets (Oral Rehydration Salts (ORS)),single-unit,True,True,مونوگراف: Hydralyte Electrolyte Effervescent Tablets (Oral Rehydration Salts (ORS))
current,doc-product-prod-hydralyte-effervescent,en,Hydralyte Electrolyte Effervescent Tablets (Oral Rehydration Salts (ORS)) - Product Monograph,single-unit,True,True,Hydralyte Electrolyte Effervescent Tablets (Oral Rehydration Salts (ORS)) - Product Monograph
current,doc-product-prod-movicol-sachets,fa,مونوگراف: Movicol Sachets (Flavour Free) (Macrogol 3350 + Electrolytes),single-unit,True,True,مونوگراف: Movicol Sachets (Flavour Free) (Macrogol 3350 + Electrolytes)
current,doc-product-prod-movicol-sachets,en,Movicol Sachets (Flavour Free) (Macrogol 3350 + Electrolytes) - Product Monograph,single-unit,True,True,Movicol Sachets (Flavour Free) (Macrogol 3350 + Electrolytes) - Product Monograph
current,doc-product-prod-dulcolax-5mg,fa,مونوگراف: Dulcolax 5mg Tablets (Bisacodyl),single-unit,True,True,مونوگراف: Dulcolax 5mg Tablets (Bisacodyl)
current,doc-product-prod-dulcolax-5mg,en,Dulcolax 5mg Tablets (Bisacodyl) - Product Monograph,single-unit,True,True,Dulcolax 5mg Tablets (Bisacodyl) - Product Monograph
current,doc-product-prod-buscopan-forte,fa,مونوگراف: Buscopan Forte 20mg (Hyoscine Butylbromide),single-unit,True,True,مونوگراف: Buscopan Forte 20mg (Hyoscine Butylbromide)
current,doc-product-prod-buscopan-forte,en,Buscopan Forte 20mg (Hyoscine Butylbromide) - Product Monograph,single-unit,True,True,Buscopan Forte 20mg (Hyoscine Butylbromide) - Product Monograph
current,doc-product-prod-travacalm-original,fa,مونوگراف: Travacalm Original (Dimenhydrinate + Hyoscine Hydrobromide + Caffeine),single-unit,True,True,مونوگراف: Travacalm Original (Dimenhydrinate + Hyoscine Hydrobromide + Caffeine)
current,doc-product-prod-travacalm-original,en,Travacalm Original (Dimenhydrinate + Hyoscine Hydrobromide + Caffeine) - Product Monograph,single-unit,True,True,Travacalm Original (Dimenhydrinate + Hyoscine Hydrobromide + Caffeine) - Product Monograph
current,doc-product-prod-dermaid-1-cream,fa,مونوگراف: Dermaid 1% Cream (Hydrocortisone),single-unit,True,True,مونوگراف: Dermaid 1% Cream (Hydrocortisone)
current,doc-product-prod-dermaid-1-cream,en,Dermaid 1% Cream (Hydrocortisone) - Product Monograph,single-unit,True,True,Dermaid 1% Cream (Hydrocortisone) - Product Monograph
current,doc-product-prod-ego-qv-cream,fa,مونوگراف: QV Cream 500g Pump (Emollient & Barrier Cream (Glycerol + Liquid Paraffin)),single-unit,True,True,مونوگراف: QV Cream 500g Pump (Emollient & Barrier Cream (Glycerol + Liquid Paraffin))
current,doc-product-prod-ego-qv-cream,en,QV Cream 500g Pump (Emollient & Barrier Cream (Glycerol + Liquid Paraffin)) - Product Monograph,single-unit,True,True,QV Cream 500g Pump (Emollient & Barrier Cream (Glycerol + Liquid Paraffin)) - Product Monograph
current,doc-product-prod-benzac-ac-5-gel,fa,مونوگراف: Benzac AC 5% Gel (Benzoyl Peroxide),single-unit,True,True,مونوگراف: Benzac AC 5% Gel (Benzoyl Peroxide)
current,doc-product-prod-benzac-ac-5-gel,en,Benzac AC 5% Gel (Benzoyl Peroxide) - Product Monograph,single-unit,True,True,Benzac AC 5% Gel (Benzoyl Peroxide) - Product Monograph
current,doc-product-prod-zovirax-cold-sore-cream,fa,مونوگراف: Zovirax Cold Sore Cream 5% (Aciclovir),single-unit,True,True,مونوگراف: Zovirax Cold Sore Cream 5% (Aciclovir)
current,doc-product-prod-zovirax-cold-sore-cream,en,Zovirax Cold Sore Cream 5% (Aciclovir) - Product Monograph,single-unit,True,True,Zovirax Cold Sore Cream 5% (Aciclovir) - Product Monograph
current,doc-product-prod-sudocrem-healing-cream,fa,مونوگراف: Sudocrem Healing Cream (Zinc Oxide + Benzyl Benzoate),single-unit,True,True,مونوگراف: Sudocrem Healing Cream (Zinc Oxide + Benzyl Benzoate)
current,doc-product-prod-sudocrem-healing-cream,en,Sudocrem Healing Cream (Zinc Oxide + Benzyl Benzoate) - Product Monograph,single-unit,True,True,Sudocrem Healing Cream (Zinc Oxide + Benzyl Benzoate) - Product Monograph
current,doc-product-prod-postinor-1,fa,مونوگراف: Postinor-1 1.5mg (Levonorgestrel),single-unit,True,True,مونوگراف: Postinor-1 1.5mg (Levonorgestrel)
current,doc-product-prod-postinor-1,en,Postinor-1 1.5mg (Levonorgestrel) - Product Monograph,single-unit,True,True,Postinor-1 1.5mg (Levonorgestrel) - Product Monograph
current,doc-product-prod-ellaone-30mg,fa,مونوگراف: EllaOne 30mg (Ulipristal Acetate),single-unit,True,True,مونوگراف: EllaOne 30mg (Ulipristal Acetate)
current,doc-product-prod-ellaone-30mg,en,EllaOne 30mg (Ulipristal Acetate) - Product Monograph,single-unit,True,True,EllaOne 30mg (Ulipristal Acetate) - Product Monograph
current,doc-product-prod-ural-sachets,fa,مونوگراف: Ural Effervescent Granules (Urinary Alkaliniser (Sodium Bicarbonate + Tartaric Acid + Citric Acid)),single-unit,True,True,مونوگراف: Ural Effervescent Granules (Urinary Alkaliniser (Sodium Bicarbonate + Tartaric Acid + Citric Acid))
current,doc-product-prod-ural-sachets,en,Ural Effervescent Granules (Urinary Alkaliniser (Sodium Bicarbonate + Tartaric Acid + Citric Acid)) - Product Monograph,single-unit,True,True,Ural Effervescent Granules (Urinary Alkaliniser (Sodium Bicarbonate + Tartaric Acid + Citric Acid)) - Product Monograph
current,doc-product-prod-canesten-vaginal-pessary,fa,مونوگراف: Canesten 1-Day Pessary 500mg (Clotrimazole (Vaginal)),single-unit,True,True,مونوگراف: Canesten 1-Day Pessary 500mg (Clotrimazole (Vaginal))
current,doc-product-prod-canesten-vaginal-pessary,en,Canesten 1-Day Pessary 500mg (Clotrimazole (Vaginal)) - Product Monograph,single-unit,True,True,Canesten 1-Day Pessary 500mg (Clotrimazole (Vaginal)) - Product Monograph
current,doc-product-prod-bonjela-teething-gel,fa,مونوگراف: Bonjela Teething Gel (Choline Salicylate + Cetalkonium Chloride),single-unit,True,True,مونوگراف: Bonjela Teething Gel (Choline Salicylate + Cetalkonium Chloride)
current,doc-product-prod-bonjela-teething-gel,en,Bonjela Teething Gel (Choline Salicylate + Cetalkonium Chloride) - Product Monograph,single-unit,True,True,Bonjela Teething Gel (Choline Salicylate + Cetalkonium Chloride) - Product Monograph
current,doc-product-prod-pritor-80mg,fa,مونوگراف: Pritor 80mg (Telmisartan),single-unit,True,True,مونوگراف: Pritor 80mg (Telmisartan)
current,doc-product-prod-pritor-80mg,en,Pritor 80mg (Telmisartan) - Product Monograph,single-unit,True,True,Pritor 80mg (Telmisartan) - Product Monograph
current,doc-product-prod-coversyl-5mg,fa,مونوگراف: Coversyl 5mg (Perindopril Arginine),single-unit,True,True,مونوگراف: Coversyl 5mg (Perindopril Arginine)
current,doc-product-prod-coversyl-5mg,en,Coversyl 5mg (Perindopril Arginine) - Product Monograph,single-unit,True,True,Coversyl 5mg (Perindopril Arginine) - Product Monograph
current,doc-product-prod-atacand-16mg,fa,مونوگراف: Atacand 16mg (Candesartan Cilexetil),single-unit,True,True,مونوگراف: Atacand 16mg (Candesartan Cilexetil)
current,doc-product-prod-atacand-16mg,en,Atacand 16mg (Candesartan Cilexetil) - Product Monograph,single-unit,True,True,Atacand 16mg (Candesartan Cilexetil) - Product Monograph
current,doc-product-prod-norvasc-5mg,fa,مونوگراف: Norvasc 5mg (Amlodipine Besylate),single-unit,True,True,مونوگراف: Norvasc 5mg (Amlodipine Besylate)
current,doc-product-prod-norvasc-5mg,en,Norvasc 5mg (Amlodipine Besylate) - Product Monograph,single-unit,True,True,Norvasc 5mg (Amlodipine Besylate) - Product Monograph
current,doc-product-prod-dithiazide-25mg,fa,مونوگراف: Dithiazide 25mg (Hydrochlorothiazide),single-unit,True,True,مونوگراف: Dithiazide 25mg (Hydrochlorothiazide)
current,doc-product-prod-dithiazide-25mg,en,Dithiazide 25mg (Hydrochlorothiazide) - Product Monograph,single-unit,True,True,Dithiazide 25mg (Hydrochlorothiazide) - Product Monograph
current,doc-product-prod-trandate-100mg,fa,مونوگراف: Trandate 100mg (Labetalol Hydrochloride),single-unit,True,True,مونوگراف: Trandate 100mg (Labetalol Hydrochloride)
current,doc-product-prod-trandate-100mg,en,Trandate 100mg (Labetalol Hydrochloride) - Product Monograph,single-unit,True,True,Trandate 100mg (Labetalol Hydrochloride) - Product Monograph
current,doc-product-prod-coumadin-3mg,fa,مونوگراف: Coumadin 3mg (Warfarin Sodium),single-unit,True,True,مونوگراف: Coumadin 3mg (Warfarin Sodium)
current,doc-product-prod-coumadin-3mg,en,Coumadin 3mg (Warfarin Sodium) - Product Monograph,single-unit,True,True,Coumadin 3mg (Warfarin Sodium) - Product Monograph
current,doc-product-prod-xarelto-20mg,fa,مونوگراف: Xarelto 20mg (Rivaroxaban),single-unit,True,True,مونوگراف: Xarelto 20mg (Rivaroxaban)
current,doc-product-prod-xarelto-20mg,en,Xarelto 20mg (Rivaroxaban) - Product Monograph,single-unit,True,True,Xarelto 20mg (Rivaroxaban) - Product Monograph
current,doc-product-prod-eliquis-5mg,fa,مونوگراف: Eliquis 5mg (Apixaban),single-unit,True,True,مونوگراف: Eliquis 5mg (Apixaban)
current,doc-product-prod-eliquis-5mg,en,Eliquis 5mg (Apixaban) - Product Monograph,single-unit,True,True,Eliquis 5mg (Apixaban) - Product Monograph
current,doc-product-prod-plavix-75mg,fa,مونوگراف: Plavix 75mg (Clopidogrel Hydrogen Sulfate),single-unit,True,True,مونوگراف: Plavix 75mg (Clopidogrel Hydrogen Sulfate)
current,doc-product-prod-plavix-75mg,en,Plavix 75mg (Clopidogrel Hydrogen Sulfate) - Product Monograph,single-unit,True,True,Plavix 75mg (Clopidogrel Hydrogen Sulfate) - Product Monograph
current,doc-product-prod-cartia-100mg,fa,مونوگراف: Cartia 100mg Duentric (Aspirin (Low Dose Antiplatelet)),single-unit,True,True,مونوگراف: Cartia 100mg Duentric (Aspirin (Low Dose Antiplatelet))
current,doc-product-prod-cartia-100mg,en,Cartia 100mg Duentric (Aspirin (Low Dose Antiplatelet)) - Product Monograph,single-unit,True,True,Cartia 100mg Duentric (Aspirin (Low Dose Antiplatelet)) - Product Monograph
current,doc-product-prod-lanoxin-pg-62-5mcg,fa,مونوگراف: Lanoxin-PG 62.5mcg (Digoxin),single-unit,True,True,مونوگراف: Lanoxin-PG 62.5mcg (Digoxin)
current,doc-product-prod-lanoxin-pg-62-5mcg,en,Lanoxin-PG 62.5mcg (Digoxin) - Product Monograph,single-unit,True,True,Lanoxin-PG 62.5mcg (Digoxin) - Product Monograph
current,doc-product-prod-concor-5mg,fa,مونوگراف: Concor 5mg (Bisoprolol Fumarate),single-unit,True,True,مونوگراف: Concor 5mg (Bisoprolol Fumarate)
current,doc-product-prod-concor-5mg,en,Concor 5mg (Bisoprolol Fumarate) - Product Monograph,single-unit,True,True,Concor 5mg (Bisoprolol Fumarate) - Product Monograph
current,doc-product-prod-aldactone-25mg,fa,مونوگراف: Aldactone 25mg (Spironolactone),single-unit,True,True,مونوگراف: Aldactone 25mg (Spironolactone)
current,doc-product-prod-aldactone-25mg,en,Aldactone 25mg (Spironolactone) - Product Monograph,single-unit,True,True,Aldactone 25mg (Spironolactone) - Product Monograph
current,doc-product-prod-cordarone-x-200mg,fa,مونوگراف: Cordarone X 200mg (Amiodarone Hydrochloride),single-unit,True,True,مونوگراف: Cordarone X 200mg (Amiodarone Hydrochloride)
current,doc-product-prod-cordarone-x-200mg,en,Cordarone X 200mg (Amiodarone Hydrochloride) - Product Monograph,single-unit,True,True,Cordarone X 200mg (Amiodarone Hydrochloride) - Product Monograph
current,doc-product-prod-nitrolingual-spray,fa,مونوگراف: Nitrolingual Pumpspray 400mcg (Glyceryl Trinitrate (GTN)),single-unit,True,True,مونوگراف: Nitrolingual Pumpspray 400mcg (Glyceryl Trinitrate (GTN))
current,doc-product-prod-nitrolingual-spray,en,Nitrolingual Pumpspray 400mcg (Glyceryl Trinitrate (GTN)) - Product Monograph,single-unit,True,True,Nitrolingual Pumpspray 400mcg (Glyceryl Trinitrate (GTN)) - Product Monograph
current,doc-product-prod-forxiga-10mg,fa,مونوگراف: Forxiga 10mg (Dapagliflozin),single-unit,True,True,مونوگراف: Forxiga 10mg (Dapagliflozin)
current,doc-product-prod-forxiga-10mg,en,Forxiga 10mg (Dapagliflozin) - Product Monograph,single-unit,True,True,Forxiga 10mg (Dapagliflozin) - Product Monograph
current,doc-product-prod-lipitor-20mg,fa,مونوگراف: Lipitor 20mg (Atorvastatin Calcium),single-unit,True,True,مونوگراف: Lipitor 20mg (Atorvastatin Calcium)
current,doc-product-prod-lipitor-20mg,en,Lipitor 20mg (Atorvastatin Calcium) - Product Monograph,single-unit,True,True,Lipitor 20mg (Atorvastatin Calcium) - Product Monograph
current,doc-product-prod-crestor-10mg,fa,مونوگراف: Crestor 10mg (Rosuvastatin Calcium),single-unit,True,True,مونوگراف: Crestor 10mg (Rosuvastatin Calcium)
current,doc-product-prod-crestor-10mg,en,Crestor 10mg (Rosuvastatin Calcium) - Product Monograph,single-unit,True,True,Crestor 10mg (Rosuvastatin Calcium) - Product Monograph
current,doc-product-prod-ezetrol-10mg,fa,مونوگراف: Ezetrol 10mg (Ezetimibe),single-unit,True,True,مونوگراف: Ezetrol 10mg (Ezetimibe)
current,doc-product-prod-ezetrol-10mg,en,Ezetrol 10mg (Ezetimibe) - Product Monograph,single-unit,True,True,Ezetrol 10mg (Ezetimibe) - Product Monograph
current,doc-product-prod-lipirex-145mg,fa,مونوگراف: Lipirex 145mg (Fenofibrate (Nanoparticle)),single-unit,True,True,مونوگراف: Lipirex 145mg (Fenofibrate (Nanoparticle))
current,doc-product-prod-lipirex-145mg,en,Lipirex 145mg (Fenofibrate (Nanoparticle)) - Product Monograph,single-unit,True,True,Lipirex 145mg (Fenofibrate (Nanoparticle)) - Product Monograph
current,doc-product-prod-zocor-20mg,fa,مونوگراف: Zocor 20mg (Simvastatin),single-unit,True,True,مونوگراف: Zocor 20mg (Simvastatin)
current,doc-product-prod-zocor-20mg,en,Zocor 20mg (Simvastatin) - Product Monograph,single-unit,True,True,Zocor 20mg (Simvastatin) - Product Monograph
current,doc-product-prod-lexapro-10mg,fa,مونوگراف: Lexapro 10mg (Escitalopram),single-unit,True,True,مونوگراف: Lexapro 10mg (Escitalopram)
current,doc-product-prod-lexapro-10mg,en,Lexapro 10mg (Escitalopram) - Product Monograph,single-unit,True,True,Lexapro 10mg (Escitalopram) - Product Monograph
current,doc-product-prod-efexor-xr-75mg,fa,مونوگراف: Efexor-XR 75mg (Venlafaxine Hydrochloride),single-unit,True,True,مونوگراف: Efexor-XR 75mg (Venlafaxine Hydrochloride)
current,doc-product-prod-efexor-xr-75mg,en,Efexor-XR 75mg (Venlafaxine Hydrochloride) - Product Monograph,single-unit,True,True,Efexor-XR 75mg (Venlafaxine Hydrochloride) - Product Monograph
current,doc-product-prod-endep-25mg,fa,مونوگراف: Endep 25mg (Amitriptyline Hydrochloride),single-unit,True,True,مونوگراف: Endep 25mg (Amitriptyline Hydrochloride)
current,doc-product-prod-endep-25mg,en,Endep 25mg (Amitriptyline Hydrochloride) - Product Monograph,single-unit,True,True,Endep 25mg (Amitriptyline Hydrochloride) - Product Monograph
current,doc-product-prod-avanza-30mg,fa,مونوگراف: Avanza 30mg (SolTab / Film-Coated) (Mirtazapine),single-unit,True,True,مونوگراف: Avanza 30mg (SolTab / Film-Coated) (Mirtazapine)
current,doc-product-prod-avanza-30mg,en,Avanza 30mg (SolTab / Film-Coated) (Mirtazapine) - Product Monograph,single-unit,True,True,Avanza 30mg (SolTab / Film-Coated) (Mirtazapine) - Product Monograph
current,doc-product-prod-prozac-20mg,fa,مونوگراف: Prozac 20mg (Fluoxetine Hydrochloride),single-unit,True,True,مونوگراف: Prozac 20mg (Fluoxetine Hydrochloride)
current,doc-product-prod-prozac-20mg,en,Prozac 20mg (Fluoxetine Hydrochloride) - Product Monograph,single-unit,True,True,Prozac 20mg (Fluoxetine Hydrochloride) - Product Monograph
current,doc-product-prod-lithicarb-250mg,fa,مونوگراف: Lithicarb 250mg (Lithium Carbonate),single-unit,True,True,مونوگراف: Lithicarb 250mg (Lithium Carbonate)
current,doc-product-prod-lithicarb-250mg,en,Lithicarb 250mg (Lithium Carbonate) - Product Monograph,single-unit,True,True,Lithicarb 250mg (Lithium Carbonate) - Product Monograph
current,doc-product-prod-epilim-500mg,fa,مونوگراف: Epilim 500mg EC (Sodium Valproate),single-unit,True,True,مونوگراف: Epilim 500mg EC (Sodium Valproate)
current,doc-product-prod-epilim-500mg,en,Epilim 500mg EC (Sodium Valproate) - Product Monograph,single-unit,True,True,Epilim 500mg EC (Sodium Valproate) - Product Monograph
current,doc-product-prod-lyrica-75mg,fa,مونوگراف: Lyrica 75mg (Pregabalin),single-unit,True,True,مونوگراف: Lyrica 75mg (Pregabalin)
current,doc-product-prod-lyrica-75mg,en,Lyrica 75mg (Pregabalin) - Product Monograph,single-unit,True,True,Lyrica 75mg (Pregabalin) - Product Monograph
current,doc-product-prod-tegretol-200mg,fa,مونوگراف: Tegretol 200mg (Carbamazepine),single-unit,True,True,مونوگراف: Tegretol 200mg (Carbamazepine)
current,doc-product-prod-tegretol-200mg,en,Tegretol 200mg (Carbamazepine) - Product Monograph,single-unit,True,True,Tegretol 200mg (Carbamazepine) - Product Monograph
current,doc-product-prod-lamictal-50mg,fa,مونوگراف: Lamictal 50mg (Lamotrigine),single-unit,True,True,مونوگراف: Lamictal 50mg (Lamotrigine)
current,doc-product-prod-lamictal-50mg,en,Lamictal 50mg (Lamotrigine) - Product Monograph,single-unit,True,True,Lamictal 50mg (Lamotrigine) - Product Monograph
current,doc-product-prod-keppra-500mg,fa,مونوگراف: Keppra 500mg (Levetiracetam),single-unit,True,True,مونوگراف: Keppra 500mg (Levetiracetam)
current,doc-product-prod-keppra-500mg,en,Keppra 500mg (Levetiracetam) - Product Monograph,single-unit,True,True,Keppra 500mg (Levetiracetam) - Product Monograph
current,doc-product-prod-valium-5mg,fa,مونوگراف: Valium 5mg (Diazepam),single-unit,True,True,مونوگراف: Valium 5mg (Diazepam)
current,doc-product-prod-valium-5mg,en,Valium 5mg (Diazepam) - Product Monograph,single-unit,True,True,Valium 5mg (Diazepam) - Product Monograph
current,doc-product-prod-stilnox-10mg,fa,مونوگراف: Stilnox 10mg (Zolpidem Tartrate),single-unit,True,True,مونوگراف: Stilnox 10mg (Zolpidem Tartrate)
current,doc-product-prod-stilnox-10mg,en,Stilnox 10mg (Zolpidem Tartrate) - Product Monograph,single-unit,True,True,Stilnox 10mg (Zolpidem Tartrate) - Product Monograph
current,doc-product-prod-temaze-10mg,fa,مونوگراف: Temaze 10mg (Temazepam),single-unit,True,True,مونوگراف: Temaze 10mg (Temazepam)
current,doc-product-prod-temaze-10mg,en,Temaze 10mg (Temazepam) - Product Monograph,single-unit,True,True,Temaze 10mg (Temazepam) - Product Monograph
current,doc-product-prod-circadin-2mg,fa,مونوگراف: Circadin 2mg PR (Melatonin (Prolonged Release)),single-unit,True,True,مونوگراف: Circadin 2mg PR (Melatonin (Prolonged Release))
current,doc-product-prod-circadin-2mg,en,Circadin 2mg PR (Melatonin (Prolonged Release)) - Product Monograph,single-unit,True,True,Circadin 2mg PR (Melatonin (Prolonged Release)) - Product Monograph
current,doc-product-prod-nyxoid-nasal-spray,fa,مونوگراف: Nyxoid Nasal Spray 1.8mg (Naloxone Hydrochloride),single-unit,True,True,مونوگراف: Nyxoid Nasal Spray 1.8mg (Naloxone Hydrochloride)
current,doc-product-prod-nyxoid-nasal-spray,en,Nyxoid Nasal Spray 1.8mg (Naloxone Hydrochloride) - Product Monograph,single-unit,True,True,Nyxoid Nasal Spray 1.8mg (Naloxone Hydrochloride) - Product Monograph
current,doc-product-prod-durogesic-25mcg,fa,مونوگراف: Durogesic 25mcg/hr Patch (Fentanyl (Transdermal)),single-unit,True,True,مونوگراف: Durogesic 25mcg/hr Patch (Fentanyl (Transdermal))
current,doc-product-prod-durogesic-25mcg,en,Durogesic 25mcg/hr Patch (Fentanyl (Transdermal)) - Product Monograph,single-unit,True,True,Durogesic 25mcg/hr Patch (Fentanyl (Transdermal)) - Product Monograph
current,doc-product-prod-targin-10-5mg,fa,مونوگراف: Targin 10mg/5mg PR (Oxycodone Hydrochloride + Naloxone Hydrochloride),single-unit,True,True,مونوگراف: Targin 10mg/5mg PR (Oxycodone Hydrochloride + Naloxone Hydrochloride)
current,doc-product-prod-targin-10-5mg,en,Targin 10mg/5mg PR (Oxycodone Hydrochloride + Naloxone Hydrochloride) - Product Monograph,single-unit,True,True,Targin 10mg/5mg PR (Oxycodone Hydrochloride + Naloxone Hydrochloride) - Product Monograph
current,doc-product-prod-endone-5mg,fa,مونوگراف: Endone 5mg (Oxycodone Hydrochloride (Immediate Release)),single-unit,True,True,مونوگراف: Endone 5mg (Oxycodone Hydrochloride (Immediate Release))
current,doc-product-prod-endone-5mg,en,Endone 5mg (Oxycodone Hydrochloride (Immediate Release)) - Product Monograph,single-unit,True,True,Endone 5mg (Oxycodone Hydrochloride (Immediate Release)) - Product Monograph
current,doc-product-prod-tramal-50mg,fa,مونوگراف: Tramal 50mg (Tramadol Hydrochloride),single-unit,True,True,مونوگراف: Tramal 50mg (Tramadol Hydrochloride)
current,doc-product-prod-tramal-50mg,en,Tramal 50mg (Tramadol Hydrochloride) - Product Monograph,single-unit,True,True,Tramal 50mg (Tramadol Hydrochloride) - Product Monograph
current,doc-product-prod-diabex-500mg,fa,مونوگراف: Diabex 500mg (Metformin Hydrochloride),single-unit,True,True,مونوگراف: Diabex 500mg (Metformin Hydrochloride)
current,doc-product-prod-diabex-500mg,en,Diabex 500mg (Metformin Hydrochloride) - Product Monograph,single-unit,True,True,Diabex 500mg (Metformin Hydrochloride) - Product Monograph
current,doc-product-prod-jardiance-10mg,fa,مونوگراف: Jardiance 10mg (Empagliflozin),single-unit,True,True,مونوگراف: Jardiance 10mg (Empagliflozin)
current,doc-product-prod-jardiance-10mg,en,Jardiance 10mg (Empagliflozin) - Product Monograph,single-unit,True,True,Jardiance 10mg (Empagliflozin) - Product Monograph
current,doc-product-prod-ozempic-0-5mg,fa,مونوگراف: Ozempic 0.5mg Pen (Semaglutide),single-unit,True,True,مونوگراف: Ozempic 0.5mg Pen (Semaglutide)
current,doc-product-prod-ozempic-0-5mg,en,Ozempic 0.5mg Pen (Semaglutide) - Product Monograph,single-unit,True,True,Ozempic 0.5mg Pen (Semaglutide) - Product Monograph
current,doc-product-prod-diamicron-60mg-mr,fa,مونوگراف: Diamicron 60mg MR (Gliclazide),single-unit,True,True,مونوگراف: Diamicron 60mg MR (Gliclazide)
current,doc-product-prod-diamicron-60mg-mr,en,Diamicron 60mg MR (Gliclazide) - Product Monograph,single-unit,True,True,Diamicron 60mg MR (Gliclazide) - Product Monograph
current,doc-product-prod-lantus-solostar,fa,مونوگراف: Lantus SoloStar 100 U/mL (Insulin Glargine (Long-Acting Analog)),single-unit,True,True,مونوگراف: Lantus SoloStar 100 U/mL (Insulin Glargine (Long-Acting Analog))
current,doc-product-prod-lantus-solostar,en,Lantus SoloStar 100 U/mL (Insulin Glargine (Long-Acting Analog)) - Product Monograph,single-unit,True,True,Lantus SoloStar 100 U/mL (Insulin Glargine (Long-Acting Analog)) - Product Monograph
current,doc-product-prod-novorapid-flexpen,fa,مونوگراف: NovoRapid FlexPen 100 U/mL (Insulin Aspart (Rapid-Acting Analog)),single-unit,True,True,مونوگراف: NovoRapid FlexPen 100 U/mL (Insulin Aspart (Rapid-Acting Analog))
current,doc-product-prod-novorapid-flexpen,en,NovoRapid FlexPen 100 U/mL (Insulin Aspart (Rapid-Acting Analog)) - Product Monograph,single-unit,True,True,NovoRapid FlexPen 100 U/mL (Insulin Aspart (Rapid-Acting Analog)) - Product Monograph
current,doc-product-prod-fosamax-70mg-once-weekly,fa,مونوگراف: Fosamax 70mg Once Weekly (Alendronate Sodium),single-unit,True,True,مونوگراف: Fosamax 70mg Once Weekly (Alendronate Sodium)
current,doc-product-prod-fosamax-70mg-once-weekly,en,Fosamax 70mg Once Weekly (Alendronate Sodium) - Product Monograph,single-unit,True,True,Fosamax 70mg Once Weekly (Alendronate Sodium) - Product Monograph
current,doc-product-prod-prolia-60mg-syringe,fa,مونوگراف: Prolia 60mg Pre-filled Syringe (Denosumab),single-unit,True,True,مونوگراف: Prolia 60mg Pre-filled Syringe (Denosumab)
current,doc-product-prod-prolia-60mg-syringe,en,Prolia 60mg Pre-filled Syringe (Denosumab) - Product Monograph,single-unit,True,True,Prolia 60mg Pre-filled Syringe (Denosumab) - Product Monograph
current,doc-product-prod-actonel-35mg,fa,مونوگراف: Actonel 35mg Once-a-Week (Risedronate Sodium),single-unit,True,True,مونوگراف: Actonel 35mg Once-a-Week (Risedronate Sodium)
current,doc-product-prod-actonel-35mg,en,Actonel 35mg Once-a-Week (Risedronate Sodium) - Product Monograph,single-unit,True,True,Actonel 35mg Once-a-Week (Risedronate Sodium) - Product Monograph
current,doc-product-prod-caltrate-vitd-plus,fa,مونوگراف: Caltrate + Minerals & Vitamin D 1000IU (Calcium Carbonate + Colecalciferol),single-unit,True,True,مونوگراف: Caltrate + Minerals & Vitamin D 1000IU (Calcium Carbonate + Colecalciferol)
current,doc-product-prod-caltrate-vitd-plus,en,Caltrate + Minerals & Vitamin D 1000IU (Calcium Carbonate + Colecalciferol) - Product Monograph,single-unit,True,True,Caltrate + Minerals & Vitamin D 1000IU (Calcium Carbonate + Colecalciferol) - Product Monograph
current,doc-product-prod-eutroxsig-100mcg,fa,مونوگراف: Eutroxsig 100mcg (Levothyroxine Sodium),source-topics,True,True,شناسنامه و مونوگراف فرآورده دارویی: | 🎯 موارد مصرف و اندیکاسیون‌های تاییدشده: | 🏷️ برچسب‌های هشدار و راهنمای مصرف APF (CAL Labels): | 💡 نکات حیاتی مشاوره داروساز به بیمار (Counseling Pearls): | 🔄 برندهای معادل و ژنریک‌های هم‌ارز روی قفسه:
current,doc-product-prod-eutroxsig-100mcg,en,Eutroxsig 100mcg (Levothyroxine Sodium) - Product Monograph,single-unit,True,True,Eutroxsig 100mcg (Levothyroxine Sodium) - Product Monograph
current,doc-product-prod-oroxine-100mcg,fa,مونوگراف: Oroxine 100mcg (Levothyroxine Sodium),source-topics,True,True,شناسنامه و مونوگراف فرآورده دارویی: | 🎯 موارد مصرف و اندیکاسیون‌های تاییدشده: | 🏷️ برچسب‌های هشدار و راهنمای مصرف APF (CAL Labels): | 💡 نکات حیاتی مشاوره داروساز به بیمار (Counseling Pearls): | 🔄 برندهای معادل و ژنریک‌های هم‌ارز روی قفسه:
current,doc-product-prod-oroxine-100mcg,en,Oroxine 100mcg (Levothyroxine Sodium) - Product Monograph,single-unit,True,True,Oroxine 100mcg (Levothyroxine Sodium) - Product Monograph
current,doc-product-prod-neo-mercazole-5mg,fa,مونوگراف: Neo-Mercazole 5mg (Carbimazole),single-unit,True,True,مونوگراف: Neo-Mercazole 5mg (Carbimazole)
current,doc-product-prod-neo-mercazole-5mg,en,Neo-Mercazole 5mg (Carbimazole) - Product Monograph,single-unit,True,True,Neo-Mercazole 5mg (Carbimazole) - Product Monograph
current,doc-product-prod-flopen-500mg,fa,مونوگراف: Flopen 500mg (Flucloxacillin Sodium),single-unit,True,True,مونوگراف: Flopen 500mg (Flucloxacillin Sodium)
current,doc-product-prod-flopen-500mg,en,Flopen 500mg (Flucloxacillin Sodium) - Product Monograph,single-unit,True,True,Flopen 500mg (Flucloxacillin Sodium) - Product Monograph
current,doc-product-prod-augmentin-duo-forte,fa,مونوگراف: Augmentin Duo Forte 875/125mg (Amoxicillin + Clavulanic Acid),single-unit,True,True,مونوگراف: Augmentin Duo Forte 875/125mg (Amoxicillin + Clavulanic Acid)
current,doc-product-prod-augmentin-duo-forte,en,Augmentin Duo Forte 875/125mg (Amoxicillin + Clavulanic Acid) - Product Monograph,single-unit,True,True,Augmentin Duo Forte 875/125mg (Amoxicillin + Clavulanic Acid) - Product Monograph
current,doc-product-prod-keflex-500mg,fa,مونوگراف: Keflex 500mg (Cephalexin),single-unit,True,True,مونوگراف: Keflex 500mg (Cephalexin)
current,doc-product-prod-keflex-500mg,en,Keflex 500mg (Cephalexin) - Product Monograph,single-unit,True,True,Keflex 500mg (Cephalexin) - Product Monograph
current,doc-product-prod-doryx-100mg,fa,مونوگراف: Doryx 100mg (Doxycycline Hyclate),single-unit,True,True,مونوگراف: Doryx 100mg (Doxycycline Hyclate)
current,doc-product-prod-doryx-100mg,en,Doryx 100mg (Doxycycline Hyclate) - Product Monograph,single-unit,True,True,Doryx 100mg (Doxycycline Hyclate) - Product Monograph
current,doc-product-prod-klacid-250mg,fa,مونوگراف: Klacid 250mg (Clarithromycin),single-unit,True,True,مونوگراف: Klacid 250mg (Clarithromycin)
current,doc-product-prod-klacid-250mg,en,Klacid 250mg (Clarithromycin) - Product Monograph,single-unit,True,True,Klacid 250mg (Clarithromycin) - Product Monograph
current,doc-product-prod-flagyl-400mg,fa,مونوگراف: Flagyl 400mg (Metronidazole),single-unit,True,True,مونوگراف: Flagyl 400mg (Metronidazole)
current,doc-product-prod-flagyl-400mg,en,Flagyl 400mg (Metronidazole) - Product Monograph,single-unit,True,True,Flagyl 400mg (Metronidazole) - Product Monograph
current,doc-product-prod-valtrex-500mg,fa,مونوگراف: Valtrex 500mg (Valaciclovir),single-unit,True,True,مونوگراف: Valtrex 500mg (Valaciclovir)
current,doc-product-prod-valtrex-500mg,en,Valtrex 500mg (Valaciclovir) - Product Monograph,single-unit,True,True,Valtrex 500mg (Valaciclovir) - Product Monograph
current,doc-product-prod-tamiflu-75mg,fa,مونوگراف: Tamiflu 75mg (Oseltamivir Phosphate),single-unit,True,True,مونوگراف: Tamiflu 75mg (Oseltamivir Phosphate)
current,doc-product-prod-tamiflu-75mg,en,Tamiflu 75mg (Oseltamivir Phosphate) - Product Monograph,single-unit,True,True,Tamiflu 75mg (Oseltamivir Phosphate) - Product Monograph
current,doc-product-prod-shingrix-vaccine,fa,مونوگراف: Shingrix Adjuvanted Vaccine (Recombinant Varicella Zoster Virus Glycoprotein E Vaccine),single-unit,True,True,مونوگراف: Shingrix Adjuvanted Vaccine (Recombinant Varicella Zoster Virus Glycoprotein E Vaccine)
current,doc-product-prod-shingrix-vaccine,en,Shingrix Adjuvanted Vaccine (Recombinant Varicella Zoster Virus Glycoprotein E Vaccine) - Product Monograph,single-unit,True,True,Shingrix Adjuvanted Vaccine (Recombinant Varicella Zoster Virus Glycoprotein E Vaccine) - Product Monograph
current,doc-product-prod-fluvax-quadrivalent,fa,"مونوگراف: FluQuadri / Fluarix Tetra (Inactivated Quadrivalent Influenza Vaccine) (Influenza Virus Vaccine (Surface Antigen / Split Virion, Inactivated))",single-unit,True,True,"مونوگراف: FluQuadri / Fluarix Tetra (Inactivated Quadrivalent Influenza Vaccine) (Influenza Virus Vaccine (Surface Antigen / Split Virion, Inactivated))"
current,doc-product-prod-fluvax-quadrivalent,en,"FluQuadri / Fluarix Tetra (Inactivated Quadrivalent Influenza Vaccine) (Influenza Virus Vaccine (Surface Antigen / Split Virion, Inactivated)) - Product Monograph",single-unit,True,True,"FluQuadri / Fluarix Tetra (Inactivated Quadrivalent Influenza Vaccine) (Influenza Virus Vaccine (Surface Antigen / Split Virion, Inactivated)) - Product Monograph"
current,doc-product-prod-rectogesic-gtn,fa,مونوگراف: Rectogesic 0.2% Rectal Ointment (Glyceryl Trinitrate (GTN) 0.2%),single-unit,True,True,مونوگراف: Rectogesic 0.2% Rectal Ointment (Glyceryl Trinitrate (GTN) 0.2%)
current,doc-product-prod-rectogesic-gtn,en,Rectogesic 0.2% Rectal Ointment (Glyceryl Trinitrate (GTN) 0.2%) - Product Monograph,single-unit,True,True,Rectogesic 0.2% Rectal Ointment (Glyceryl Trinitrate (GTN) 0.2%) - Product Monograph
current,doc-product-prod-proctosedyl-oint,fa,مونوگراف: Proctosedyl Ointment / Suppositories (Hydrocortisone 5mg/g + Cinchocaine HCl 5mg/g),single-unit,True,True,مونوگراف: Proctosedyl Ointment / Suppositories (Hydrocortisone 5mg/g + Cinchocaine HCl 5mg/g)
current,doc-product-prod-proctosedyl-oint,en,Proctosedyl Ointment / Suppositories (Hydrocortisone 5mg/g + Cinchocaine HCl 5mg/g) - Product Monograph,single-unit,True,True,Proctosedyl Ointment / Suppositories (Hydrocortisone 5mg/g + Cinchocaine HCl 5mg/g) - Product Monograph
current,doc-product-prod-benzac-ac-wash,fa,مونوگراف: Benzac AC 5% Wash / Gel (Benzoyl Peroxide 5%),single-unit,True,True,مونوگراف: Benzac AC 5% Wash / Gel (Benzoyl Peroxide 5%)
current,doc-product-prod-benzac-ac-wash,en,Benzac AC 5% Wash / Gel (Benzoyl Peroxide 5%) - Product Monograph,single-unit,True,True,Benzac AC 5% Wash / Gel (Benzoyl Peroxide 5%) - Product Monograph
current,doc-product-prod-azclear-lotion,fa,مونوگراف: Azclear Action Medicated Lotion 20% (Azelaic Acid 20%),single-unit,True,True,مونوگراف: Azclear Action Medicated Lotion 20% (Azelaic Acid 20%)
current,doc-product-prod-azclear-lotion,en,Azclear Action Medicated Lotion 20% (Azelaic Acid 20%) - Product Monograph,single-unit,True,True,Azclear Action Medicated Lotion 20% (Azelaic Acid 20%) - Product Monograph
current,doc-product-prod-daivobet-gel,fa,مونوگراف: Daivobet 50/500 Gel / Ointment (Calcipotriol 50mcg/g + Betamethasone Dipropionate 500mcg/g),single-unit,True,True,مونوگراف: Daivobet 50/500 Gel / Ointment (Calcipotriol 50mcg/g + Betamethasone Dipropionate 500mcg/g)
current,doc-product-prod-daivobet-gel,en,Daivobet 50/500 Gel / Ointment (Calcipotriol 50mcg/g + Betamethasone Dipropionate 500mcg/g) - Product Monograph,single-unit,True,True,Daivobet 50/500 Gel / Ointment (Calcipotriol 50mcg/g + Betamethasone Dipropionate 500mcg/g) - Product Monograph
current,doc-product-prod-dymista-spray,fa,مونوگراف: Dymista 125/50 Nasal Spray (Azelastine HCl 137mcg + Fluticasone Propionate 50mcg per actuation),single-unit,True,True,مونوگراف: Dymista 125/50 Nasal Spray (Azelastine HCl 137mcg + Fluticasone Propionate 50mcg per actuation)
current,doc-product-prod-dymista-spray,en,Dymista 125/50 Nasal Spray (Azelastine HCl 137mcg + Fluticasone Propionate 50mcg per actuation) - Product Monograph,single-unit,True,True,Dymista 125/50 Nasal Spray (Azelastine HCl 137mcg + Fluticasone Propionate 50mcg per actuation) - Product Monograph
current,doc-product-prod-ventolin-asmol-100,fa,مونوگراف: Ventolin / Asmol 100mcg CFC-Free Inhaler (Salbutamol Sulfate 100mcg/actuation),single-unit,True,True,مونوگراف: Ventolin / Asmol 100mcg CFC-Free Inhaler (Salbutamol Sulfate 100mcg/actuation)
current,doc-product-prod-ventolin-asmol-100,en,Ventolin / Asmol 100mcg CFC-Free Inhaler (Salbutamol Sulfate 100mcg/actuation) - Product Monograph,single-unit,True,True,Ventolin / Asmol 100mcg CFC-Free Inhaler (Salbutamol Sulfate 100mcg/actuation) - Product Monograph
current,doc-product-prod-colgout-tablets,fa,مونوگراف: Colgout 500mcg Tablets (Colchicine 500mcg),single-unit,True,True,مونوگراف: Colgout 500mcg Tablets (Colchicine 500mcg)
current,doc-product-prod-colgout-tablets,en,Colgout 500mcg Tablets (Colchicine 500mcg) - Product Monograph,single-unit,True,True,Colgout 500mcg Tablets (Colchicine 500mcg) - Product Monograph
current,doc-product-prod-allosig-tablets,fa,مونوگراف: Allosig / Zyloprim (Allopurinol 100mg / 300mg) (Allopurinol),single-unit,True,True,مونوگراف: Allosig / Zyloprim (Allopurinol 100mg / 300mg) (Allopurinol)
current,doc-product-prod-allosig-tablets,en,Allosig / Zyloprim (Allopurinol 100mg / 300mg) (Allopurinol) - Product Monograph,single-unit,True,True,Allosig / Zyloprim (Allopurinol 100mg / 300mg) (Allopurinol) - Product Monograph
current,doc-product-prod-nexium-24hr-28tab,fa,مونوگراف: Nexium 24HR 20mg Tablets (Esomeprazole 20mg (as magnesium trihydrate)),single-unit,True,True,مونوگراف: Nexium 24HR 20mg Tablets (Esomeprazole 20mg (as magnesium trihydrate))
current,doc-product-prod-nexium-24hr-28tab,en,Nexium 24HR 20mg Tablets (Esomeprazole 20mg (as magnesium trihydrate)) - Product Monograph,single-unit,True,True,Nexium 24HR 20mg Tablets (Esomeprazole 20mg (as magnesium trihydrate)) - Product Monograph
current,doc-product-prod-canesten-once,fa,مونوگراف: Canesten Once 500mg Pessary + 1% Cream (Clotrimazole 500mg Pessary),single-unit,True,True,مونوگراف: Canesten Once 500mg Pessary + 1% Cream (Clotrimazole 500mg Pessary)
current,doc-product-prod-canesten-once,en,Canesten Once 500mg Pessary + 1% Cream (Clotrimazole 500mg Pessary) - Product Monograph,single-unit,True,True,Canesten Once 500mg Pessary + 1% Cream (Clotrimazole 500mg Pessary) - Product Monograph
current,doc-cal-cal-1,fa,برچسب هشدار CAL 1: هشدار خواب‌آلودگی و رانندگی,single-unit,True,True,برچسب هشدار CAL 1: هشدار خواب‌آلودگی و رانندگی
current,doc-cal-cal-1,en,CAL 1 - Drowsiness / Driving Warning,single-unit,True,True,CAL 1 - Drowsiness / Driving Warning
current,doc-cal-cal-2,fa,برچسب هشدار CAL 2: خواب‌آلودگی شدید و منع الکل,single-unit,True,True,برچسب هشدار CAL 2: خواب‌آلودگی شدید و منع الکل
current,doc-cal-cal-2,en,CAL 2 - Drowsiness & Alcohol Warning,single-unit,True,True,CAL 2 - Drowsiness & Alcohol Warning
current,doc-cal-cal-3,fa,برچسب هشدار CAL 3: احتمال خواب‌آلودگی خفیف,single-unit,True,True,برچسب هشدار CAL 3: احتمال خواب‌آلودگی خفیف
current,doc-cal-cal-3,en,CAL 3 - May Cause Drowsiness,single-unit,True,True,CAL 3 - May Cause Drowsiness
current,doc-cal-cal-4,fa,برچسب هشدار CAL 4: نگهداری در یخچال (۲ تا ۸ درجه),single-unit,True,True,برچسب هشدار CAL 4: نگهداری در یخچال (۲ تا ۸ درجه)
current,doc-cal-cal-4,en,CAL 4 - Refrigerate - Do Not Freeze,single-unit,True,True,CAL 4 - Refrigerate - Do Not Freeze
current,doc-cal-cal-5,fa,برچسب هشدار CAL 5: مصرف همراه یک لیوان کامل آب,single-unit,True,True,برچسب هشدار CAL 5: مصرف همراه یک لیوان کامل آب
current,doc-cal-cal-5,en,CAL 5 - Take with a Full Glass of Water,single-unit,True,True,CAL 5 - Take with a Full Glass of Water
current,doc-cal-cal-6,fa,برچسب هشدار CAL 6: بلع کامل - عدم خرد کردن یا جویدن,single-unit,True,True,برچسب هشدار CAL 6: بلع کامل - عدم خرد کردن یا جویدن
current,doc-cal-cal-6,en,CAL 6 - Swallow Whole - Do Not Crush or Chew,single-unit,True,True,CAL 6 - Swallow Whole - Do Not Crush or Chew
current,doc-cal-cal-7,fa,برچسب هشدار CAL 7: حل در آب پیش از مصرف,single-unit,True,True,برچسب هشدار CAL 7: حل در آب پیش از مصرف
current,doc-cal-cal-7,en,CAL 7 - Dissolve in Water Before Taking,single-unit,True,True,CAL 7 - Dissolve in Water Before Taking
current,doc-cal-cal-8,fa,برچسب هشدار CAL 8: مصرف با معده خالی (۱ ساعت قبل یا ۲ ساعت بعد غذا),single-unit,True,True,برچسب هشدار CAL 8: مصرف با معده خالی (۱ ساعت قبل یا ۲ ساعت بعد غذا)
current,doc-cal-cal-8,en,CAL 8 - Take On Empty Stomach,single-unit,True,True,CAL 8 - Take On Empty Stomach
current,doc-cal-cal-9,fa,برچسب هشدار CAL 9: پرهیز از تابش مستقیم آفتاب / UV,single-unit,True,True,برچسب هشدار CAL 9: پرهیز از تابش مستقیم آفتاب / UV
current,doc-cal-cal-9,en,CAL 9 - Avoid Sunlight / UV Light,single-unit,True,True,CAL 9 - Avoid Sunlight / UV Light
current,doc-cal-cal-10,fa,برچسب هشدار CAL 10: تکمیل کامل دوره درمان,single-unit,True,True,برچسب هشدار CAL 10: تکمیل کامل دوره درمان
current,doc-cal-cal-10,en,CAL 10 - Finish Full Course,single-unit,True,True,CAL 10 - Finish Full Course
current,doc-cal-cal-11,fa,برچسب هشدار CAL 11: فاصله‌گذاری با آنتی‌اسید و مکمل‌های معدنی,single-unit,True,True,برچسب هشدار CAL 11: فاصله‌گذاری با آنتی‌اسید و مکمل‌های معدنی
current,doc-cal-cal-11,en,CAL 11 - Separate from Antacids & Iron,single-unit,True,True,CAL 11 - Separate from Antacids & Iron
current,doc-cal-cal-12,fa,برچسب هشدار CAL 12: منع تجاوز از دوز مجاز,single-unit,True,True,برچسب هشدار CAL 12: منع تجاوز از دوز مجاز
current,doc-cal-cal-12,en,CAL 12 - Do Not Exceed Recommended Dose,single-unit,True,True,CAL 12 - Do Not Exceed Recommended Dose
current,doc-cal-cal-13,fa,برچسب هشدار CAL 13: پرهیز از مصرف الکل,single-unit,True,True,برچسب هشدار CAL 13: پرهیز از مصرف الکل
current,doc-cal-cal-13,en,CAL 13 - Avoid Alcohol,single-unit,True,True,CAL 13 - Avoid Alcohol
current,doc-cal-cal-14,fa,برچسب هشدار CAL 14: مصرف در ساعات صبح,single-unit,True,True,برچسب هشدار CAL 14: مصرف در ساعات صبح
current,doc-cal-cal-14,en,CAL 14 - Take in the Morning,single-unit,True,True,CAL 14 - Take in the Morning
current,doc-cal-cal-16,fa,برچسب هشدار CAL 16: انقضا ۳۰ روز پس از باز شدن,single-unit,True,True,برچسب هشدار CAL 16: انقضا ۳۰ روز پس از باز شدن
current,doc-cal-cal-16,en,CAL 16 - Discard 30 Days After Opening,single-unit,True,True,CAL 16 - Discard 30 Days After Opening
current,doc-cal-cal-17,fa,برچسب هشدار CAL 17: تکان دادن کامل قبل از مصرف,single-unit,True,True,برچسب هشدار CAL 17: تکان دادن کامل قبل از مصرف
current,doc-cal-cal-17,en,CAL 17 - Shake Well Before Use,single-unit,True,True,CAL 17 - Shake Well Before Use
current,doc-cal-cal-18,fa,برچسب هشدار CAL 18: دور از دسترس اطفال (خطر مسمومیت شدید),single-unit,True,True,برچسب هشدار CAL 18: دور از دسترس اطفال (خطر مسمومیت شدید)
current,doc-cal-cal-18,en,CAL 18 - Keep Out of Reach of Children,single-unit,True,True,CAL 18 - Keep Out of Reach of Children
current,doc-cal-cal-21,fa,برچسب هشدار CAL 21: بلع ایستاده با آب فراوان - پرهیز از دراز کشیدن,single-unit,True,True,برچسب هشدار CAL 21: بلع ایستاده با آب فراوان - پرهیز از دراز کشیدن
current,doc-cal-cal-21,en,CAL 21 - Take Upright with Water - Do Not Lie Down,single-unit,True,True,CAL 21 - Take Upright with Water - Do Not Lie Down
current,doc-cal-cal-a,fa,برچسب هشدار CAL A: مصرف همراه یا بعد از غذا,single-unit,True,True,برچسب هشدار CAL A: مصرف همراه یا بعد از غذا
current,doc-cal-cal-a,en,CAL A - Take With or After Food,single-unit,True,True,CAL A - Take With or After Food
current,doc-cal-cal-b,fa,برچسب هشدار CAL B: بلع کامل - عدم خرد کردن قرص,single-unit,True,True,برچسب هشدار CAL B: بلع کامل - عدم خرد کردن قرص
current,doc-cal-cal-b,en,CAL B - Swallow Whole - Do Not Crush,single-unit,True,True,CAL B - Swallow Whole - Do Not Crush
current,doc-cal-cal-c,fa,برچسب هشدار CAL C: حاوی پاراستامول (استامینوفن),single-unit,True,True,برچسب هشدار CAL C: حاوی پاراستامول (استامینوفن)
current,doc-cal-cal-c,en,CAL C - Contains Paracetamol,single-unit,True,True,CAL C - Contains Paracetamol
current,doc-cal-cal-d,fa,برچسب هشدار CAL D: پرهیز از مصرف همزمان با NSAIDها,single-unit,True,True,برچسب هشدار CAL D: پرهیز از مصرف همزمان با NSAIDها
current,doc-cal-cal-d,en,CAL D - Avoid Aspirin & NSAIDs,single-unit,True,True,CAL D - Avoid Aspirin & NSAIDs
current,doc-storage-nsw,fa,قوانین نگهداری دارو در ایالت نیو ساوت ولز (NSW),single-unit,True,True,قوانین نگهداری دارو در ایالت نیو ساوت ولز (NSW)
current,doc-storage-nsw,en,New South Wales (NSW) Pharmacy Medicine Storage Regulations,single-unit,True,True,New South Wales (NSW) Pharmacy Medicine Storage Regulations
current,doc-storage-qld,fa,قوانین نگهداری دارو در ایالت کوئینزلند (QLD),single-unit,True,True,قوانین نگهداری دارو در ایالت کوئینزلند (QLD)
current,doc-storage-qld,en,Queensland (QLD) Pharmacy Medicine Storage Regulations,single-unit,True,True,Queensland (QLD) Pharmacy Medicine Storage Regulations
current,doc-storage-wa,fa,قوانین نگهداری دارو در ایالت استرالیای غربی (WA),single-unit,True,True,قوانین نگهداری دارو در ایالت استرالیای غربی (WA)
current,doc-storage-wa,en,Western Australia (WA) Pharmacy Medicine Storage Regulations,single-unit,True,True,Western Australia (WA) Pharmacy Medicine Storage Regulations
current,doc-storage-vic,fa,قوانین نگهداری دارو در ایالت ویکتوریا (VIC),single-unit,True,True,قوانین نگهداری دارو در ایالت ویکتوریا (VIC)
current,doc-storage-vic,en,Victoria (VIC) Pharmacy Medicine Storage Regulations,single-unit,True,True,Victoria (VIC) Pharmacy Medicine Storage Regulations
current,doc-storage-sa,fa,قوانین نگهداری دارو در ایالت استرالیای جنوبی (SA),single-unit,True,True,قوانین نگهداری دارو در ایالت استرالیای جنوبی (SA)
current,doc-storage-sa,en,South Australia (SA) Pharmacy Medicine Storage Regulations,single-unit,True,True,South Australia (SA) Pharmacy Medicine Storage Regulations
current,doc-storage-tas,fa,قوانین نگهداری دارو در ایالت تاسمانی (TAS),single-unit,True,True,قوانین نگهداری دارو در ایالت تاسمانی (TAS)
current,doc-storage-tas,en,Tasmania (TAS) Pharmacy Medicine Storage Regulations,single-unit,True,True,Tasmania (TAS) Pharmacy Medicine Storage Regulations
current,doc-storage-act,fa,قوانین نگهداری دارو در ایالت قلمرو پایتخت استرالیا (ACT),single-unit,True,True,قوانین نگهداری دارو در ایالت قلمرو پایتخت استرالیا (ACT)
current,doc-storage-act,en,Australian Capital Territory (ACT) Pharmacy Medicine Storage Regulations,single-unit,True,True,Australian Capital Territory (ACT) Pharmacy Medicine Storage Regulations
current,doc-storage-nt,fa,قوانین نگهداری دارو در ایالت قلمرو شمالی (NT),single-unit,True,True,قوانین نگهداری دارو در ایالت قلمرو شمالی (NT)
current,doc-storage-nt,en,Northern Territory (NT) Pharmacy Medicine Storage Regulations,single-unit,True,True,Northern Territory (NT) Pharmacy Medicine Storage Regulations
current,doc-scenario-slang-slang-ibuprofen-brand-vs-generic,fa,مکالمه بیمار: B1. برند در برابر ژنریک: Chemist Brand Ibuprofen در برابر Nurofen (Brand vs Generic Debate),source-topics,True,True,👤 پرونده بیمار و تریاژ داروخانه (Pharmacy Patient Triage) | 🩺 پروتکل بالینی و درمان مرتبط: | 🗣️ گفتگوی تریاژ و شرح حال بیمار (Patient Presentation & Dialogue) | 🇦🇺 اصطلاحات محلی و واژگان کوچه بازاری (Aussie Slang & Context): | 📋 پروتکل ارزیابی تشخیصی داروساز (W-H-A-T-M-A-N Protocol): | 💊 مشاوره بالینی صحیح داروساز (Recommended Pharmacist Consultation): | ✅ قابل مدیریت در داروخانه با داروی OTC (Manage in Pharmacy) | 🚨 علائم هشدار و خطوط قرمز ارجاع (Red Flags & Referral):
current,doc-scenario-slang-slang-ibuprofen-brand-vs-generic,en,Patient Case: B1. Chemist Brand Ibuprofen vs Nurofen (Brand vs Generic Debate),source-topics,True,True,👤 Pharmacy Patient Triage Case | 🩺 Related clinical protocol | 🗣️ Patient presentation | 🇦🇺 Australian practice context | Key terms and local language | 📋 Pharmacist assessment questions (W-H-A-T-M-A-N) | 💊 Recommended pharmacist consultation | ✅ Pharmacy management pathway | 🚨 Red flags and escalation cues | ⚖️ Administrative / jurisdiction note
current,doc-scenario-slang-slang-severe-hayfever-bunged-nose,fa,مکالمه بیمار: B2. تب یونجه شدید، چشم‌های خیس و گرفتگی کامل بینی (Severe Hay Fever & Bunged-Up Nose),source-topics,True,True,👤 پرونده بیمار و تریاژ داروخانه (Pharmacy Patient Triage) | 🩺 پروتکل بالینی و درمان مرتبط: | 🗣️ گفتگوی تریاژ و شرح حال بیمار (Patient Presentation & Dialogue) | 🇦🇺 اصطلاحات محلی و واژگان کوچه بازاری (Aussie Slang & Context): | 📋 پروتکل ارزیابی تشخیصی داروساز (W-H-A-T-M-A-N Protocol): | 💊 مشاوره بالینی صحیح داروساز (Recommended Pharmacist Consultation): | ✅ قابل مدیریت در داروخانه با داروی OTC (Manage in Pharmacy) | 🚨 علائم هشدار و خطوط قرمز ارجاع (Red Flags & Referral):
current,doc-scenario-slang-slang-severe-hayfever-bunged-nose,en,Patient Case: B2. Severe Hay Fever & Bunged-Up Nose (Oral Antihistamine vs INCS vs Decongestant Spray),source-topics,True,True,👤 Pharmacy Patient Triage Case | 🩺 Related clinical protocol | 🗣️ Patient presentation | 🇦🇺 Australian practice context | Key terms and local language | 📋 Pharmacist assessment questions (W-H-A-T-M-A-N) | 💊 Recommended pharmacist consultation | ✅ Pharmacy management pathway | 🚨 Red flags and escalation cues | ⚖️ Administrative / jurisdiction note
current,doc-scenario-slang-slang-motion-sickness-boat,fa,مکالمه بیمار: B3. پیشگیری از دریازدگی قایق‌سواری: Kwells در برابر Travacalm و Phenergan (Motion Sickness for Boat Trip),source-topics,True,True,👤 پرونده بیمار و تریاژ داروخانه (Pharmacy Patient Triage) | 🩺 پروتکل بالینی و درمان مرتبط: | 🗣️ گفتگوی تریاژ و شرح حال بیمار (Patient Presentation & Dialogue) | 🇦🇺 اصطلاحات محلی و واژگان کوچه بازاری (Aussie Slang & Context): | 📋 پروتکل ارزیابی تشخیصی داروساز (W-H-A-T-M-A-N Protocol): | 💊 مشاوره بالینی صحیح داروساز (Recommended Pharmacist Consultation): | ✅ قابل مدیریت در داروخانه با داروی OTC (Manage in Pharmacy) | 🚨 علائم هشدار و خطوط قرمز ارجاع (Red Flags & Referral):
current,doc-scenario-slang-slang-motion-sickness-boat,en,Patient Case: B3. Motion Sickness for Boat Trip (Travacalm vs Phenergan vs Kwells),source-topics,True,True,👤 Pharmacy Patient Triage Case | 🩺 Related clinical protocol | 🗣️ Patient presentation | 🇦🇺 Australian practice context | Key terms and local language | 📋 Pharmacist assessment questions (W-H-A-T-M-A-N) | 💊 Recommended pharmacist consultation | ✅ Pharmacy management pathway | 🚨 Red flags and escalation cues | ⚖️ Administrative / jurisdiction note
current,doc-scenario-slang-slang-toddler-bark-panadol-baby,fa,مکالمه بیمار: B4. سرفه خس‌خس نوپا، تب بالا و منع شربت سرفه زیر ۶ سال (Toddler Chesty Bark & Panadol Baby Triage),source-topics,True,True,👤 پرونده بیمار و تریاژ داروخانه (Pharmacy Patient Triage) | 🩺 پروتکل بالینی و درمان مرتبط: | 🗣️ گفتگوی تریاژ و شرح حال بیمار (Patient Presentation & Dialogue) | 🇦🇺 اصطلاحات محلی و واژگان کوچه بازاری (Aussie Slang & Context): | 📋 پروتکل ارزیابی تشخیصی داروساز (W-H-A-T-M-A-N Protocol): | 💊 مشاوره بالینی صحیح داروساز (Recommended Pharmacist Consultation): | ✅ قابل مدیریت در داروخانه با داروی OTC (Manage in Pharmacy) | 🚨 علائم هشدار و خطوط قرمز ارجاع (Red Flags & Referral):
current,doc-scenario-slang-slang-toddler-bark-panadol-baby,en,Patient Case: B4. Toddler Chesty Bark & High Temp (Panadol Baby & Cough Triage),source-topics,True,True,👤 Pharmacy Patient Triage Case | 🩺 Related clinical protocol | 🗣️ Patient presentation | 🇦🇺 Australian practice context | Key terms and local language | 📋 Pharmacist assessment questions (W-H-A-T-M-A-N) | 💊 Recommended pharmacist consultation | ✅ Pharmacy management pathway | 🚨 Red flags and escalation cues | ⚖️ Administrative / jurisdiction note
current,doc-scenario-clinical-cough-triage,fa,"تریاژ بالینی: B5. سرفه مزمن، خلط خونی و تنگی نفس (Chronic Cough >8wks, Hemoptysis & Dyspnea)",source-topics,True,True,👤 پرونده بیمار و تریاژ داروخانه (Pharmacy Patient Triage) | 🩺 پروتکل بالینی و درمان مرتبط: | 🗣️ گفتگوی تریاژ و شرح حال بیمار (Patient Presentation & Dialogue) | 📋 پروتکل ارزیابی تشخیصی داروساز (W-H-A-T-M-A-N Protocol): | 💊 مشاوره بالینی صحیح داروساز (Recommended Pharmacist Consultation): | 🚨 نیازمند ارجاع فوری به پزشک (Urgent GP/ED Referral) | 🚨 علائم هشدار و خطوط قرمز ارجاع (Red Flags & Referral):
current,doc-scenario-clinical-cough-triage,en,"Clinical Triage: B5. Chronic Cough, Hemoptysis & Dyspnea Triage",source-topics,True,True,👤 Pharmacy Patient Triage Case | 🩺 Related clinical protocol | 🗣️ Patient presentation | 📋 Pharmacist assessment questions (W-H-A-T-M-A-N) | 💊 Recommended pharmacist consultation | 🚨 Referral required | 🚨 Red flags and escalation cues | 📨 Referral handover template
current,doc-scenario-clinical-hayfever-triage,fa,تریاژ بالینی: ۲. آلرژی فصلی، رانندگان و تمایز Telfast در برابر اسپری Rhinocort (Allergic Rhinitis),source-topics,True,True,👤 پرونده بیمار و تریاژ داروخانه (Pharmacy Patient Triage) | 🩺 پروتکل بالینی و درمان مرتبط: | 🗣️ گفتگوی تریاژ و شرح حال بیمار (Patient Presentation & Dialogue) | 📋 پروتکل ارزیابی تشخیصی داروساز (W-H-A-T-M-A-N Protocol): | 💊 مشاوره بالینی صحیح داروساز (Recommended Pharmacist Consultation): | ✅ قابل مدیریت در داروخانه با داروی OTC (Manage in Pharmacy) | 🚨 علائم هشدار و خطوط قرمز ارجاع (Red Flags & Referral):
current,doc-scenario-clinical-hayfever-triage,en,Clinical Triage: 2. Allergic Rhinitis: Telfast vs INCS Rhinocort Triage,source-topics,True,True,👤 Pharmacy Patient Triage Case | 🩺 Related clinical protocol | 🗣️ Patient presentation | 📋 Pharmacist assessment questions (W-H-A-T-M-A-N) | 💊 Recommended pharmacist consultation | ✅ Pharmacy management pathway | 🚨 Red flags and escalation cues
current,doc-scenario-clinical-s3-pseudoephedrine,fa,تریاژ بالینی: ۳. احتقان بینی و ارزیابی سودوافدرین S3 در NSW,source-topics,True,True,مقدمه | 📋 پروتکل ارزیابی تشخیصی داروساز (W-H-A-T-M-A-N Protocol): | 🚨 علائم هشدار و خطوط قرمز ارجاع (Red Flags & Referral): | یادداشت حوزهٔ قضایی و منابع رسمی
current,doc-scenario-clinical-s3-pseudoephedrine,en,Clinical Triage: 3. Nasal congestion & pseudoephedrine S3 assessment in NSW,source-topics,True,True,Overview | 🗣️ Patient presentation | 📋 Pharmacist assessment questions (W-H-A-T-M-A-N) | 💊 Recommended pharmacist consultation | ✅ Pharmacy management pathway | 🚨 Red flags and escalation cues | Jurisdiction note & official references
current,doc-scenario-clinical-coldsore-triage,fa,تریاژ بالینی: ۴. تبخال لب در مرحله اولیه و کرم آکلوویر ۵٪ (Cold Sore / Herpes Labialis),source-topics,True,True,👤 پرونده بیمار و تریاژ داروخانه (Pharmacy Patient Triage) | 🩺 پروتکل بالینی و درمان مرتبط: | 🗣️ گفتگوی تریاژ و شرح حال بیمار (Patient Presentation & Dialogue) | 📋 پروتکل ارزیابی تشخیصی داروساز (W-H-A-T-M-A-N Protocol): | 💊 مشاوره بالینی صحیح داروساز (Recommended Pharmacist Consultation): | ✅ قابل مدیریت در داروخانه با داروی OTC (Manage in Pharmacy) | 🚨 علائم هشدار و خطوط قرمز ارجاع (Red Flags & Referral):
current,doc-scenario-clinical-coldsore-triage,en,Clinical Triage: 4. Cold Sore Prodromal Triage & Acyclovir 5% Regimen,source-topics,True,True,👤 Pharmacy Patient Triage Case | 🩺 Related clinical protocol | 🗣️ Patient presentation | 📋 Pharmacist assessment questions (W-H-A-T-M-A-N) | 💊 Recommended pharmacist consultation | ✅ Pharmacy management pathway | 🚨 Red flags and escalation cues
current,doc-scenario-clinical-chickenpox-advisory,fa,تریاژ بالینی: ۵. آبله‌مرغان کودک: تسکین علائم و تفاوت راهنماهای ایبوپروفن,source-topics,True,True,👤 پرونده بیمار و تریاژ داروخانه (Pharmacy Patient Triage) | 🩺 پروتکل بالینی و درمان مرتبط: | 🗣️ گفتگوی تریاژ و شرح حال بیمار (Patient Presentation & Dialogue) | 🇦🇺 اصطلاحات محلی و واژگان کوچه بازاری (Aussie Slang & Context): | 📋 پروتکل ارزیابی تشخیصی داروساز (W-H-A-T-M-A-N Protocol): | 💊 مشاوره بالینی صحیح داروساز (Recommended Pharmacist Consultation): | تسکین علائم؛ راهنمای محلی را برای NSAID بررسی کنید | 🚨 علائم هشدار و خطوط قرمز ارجاع (Red Flags & Referral): | منابع رسمی استرالیا و یادداشت ویرایشی
current,doc-scenario-clinical-chickenpox-advisory,en,Clinical Triage: 5. Childhood Chickenpox: Symptom Relief & Conflicting Ibuprofen Advice,source-topics,True,True,👤 Pharmacy Patient Triage Case | 🩺 Related clinical protocol | 🗣️ Patient presentation | 🇦🇺 Australian practice context | Key terms and local language | 📋 Pharmacist assessment questions (W-H-A-T-M-A-N) | 💊 Recommended pharmacist consultation | Symptom relief; check local NSAID guidance | 🚨 Red flags and escalation cues | ⚖️ Administrative / jurisdiction note | Official Australian references
current,doc-scenario-clinical-hydrocortisone-triage,fa,تریاژ بالینی: ۶. تریاژ کورتون‌های موضعی: Dermaid 0.5% در برابر Dermaid 1% و Hydrozole S3 (Topical Steroids),source-topics,True,True,👤 پرونده بیمار و تریاژ داروخانه (Pharmacy Patient Triage) | 🩺 پروتکل بالینی و درمان مرتبط: | 🗣️ گفتگوی تریاژ و شرح حال بیمار (Patient Presentation & Dialogue) | 📋 پروتکل ارزیابی تشخیصی داروساز (W-H-A-T-M-A-N Protocol): | 💊 مشاوره بالینی صحیح داروساز (Recommended Pharmacist Consultation): | ✅ قابل مدیریت در داروخانه با داروی OTC (Manage in Pharmacy) | 🚨 علائم هشدار و خطوط قرمز ارجاع (Red Flags & Referral):
current,doc-scenario-clinical-hydrocortisone-triage,en,Clinical Triage: 6. Topical Hydrocortisone Triage: Dermaid 0.5% vs 1% vs Hydrozole S3,source-topics,True,True,👤 Pharmacy Patient Triage Case | 🩺 Related clinical protocol | 🗣️ Patient presentation | 📋 Pharmacist assessment questions (W-H-A-T-M-A-N) | 💊 Recommended pharmacist consultation | ✅ Pharmacy management pathway | 🚨 Red flags and escalation cues
current,doc-scenario-clinical-pinworm-triage,fa,تریاژ بالینی: ۷. انگل کرمک کودکان، مبندازول و تکرار الزامی دوز بعد ۲ هفته (Pinworm / Threadworm Protocol),source-topics,True,True,👤 پرونده بیمار و تریاژ داروخانه (Pharmacy Patient Triage) | 🩺 پروتکل بالینی و درمان مرتبط: | 🗣️ گفتگوی تریاژ و شرح حال بیمار (Patient Presentation & Dialogue) | 📋 پروتکل ارزیابی تشخیصی داروساز (W-H-A-T-M-A-N Protocol): | 💊 مشاوره بالینی صحیح داروساز (Recommended Pharmacist Consultation): | ✅ قابل مدیریت در داروخانه با داروی OTC (Manage in Pharmacy) | 🚨 علائم هشدار و خطوط قرمز ارجاع (Red Flags & Referral):
current,doc-scenario-clinical-pinworm-triage,en,Clinical Triage: 7. Pediatric Pinworm: Mebendazole Single & 2-Week Repeat Dose Protocol,source-topics,True,True,👤 Pharmacy Patient Triage Case | 🩺 Related clinical protocol | 🗣️ Patient presentation | 📋 Pharmacist assessment questions (W-H-A-T-M-A-N) | 💊 Recommended pharmacist consultation | ✅ Pharmacy management pathway | 🚨 Red flags and escalation cues
current,doc-scenario-clinical-thrush-triage,fa,تریاژ بالینی: ۸. برفک واژینال در بارداری: تأیید تشخیص و انتخاب درمان,source-topics,True,True,👤 پرونده بیمار و تریاژ داروخانه (Pharmacy Patient Triage) | 🩺 پروتکل بالینی و درمان مرتبط: | 🗣️ گفتگوی تریاژ و شرح حال بیمار (Patient Presentation & Dialogue) | 🇦🇺 اصطلاحات محلی و واژگان کوچه بازاری (Aussie Slang & Context): | 📋 پروتکل ارزیابی تشخیصی داروساز (W-H-A-T-M-A-N Protocol): | 💊 مشاوره بالینی صحیح داروساز (Recommended Pharmacist Consultation): | ارزیابی غیرفوری پزشک/ماما پیش از درمان | 🚨 علائم هشدار و خطوط قرمز ارجاع (Red Flags & Referral): | منابع رسمی NSW و استرالیا و یادداشت ویرایشی
current,doc-scenario-clinical-thrush-triage,en,Clinical Triage: 8. Vaginal Thrush in Pregnancy: Confirm Diagnosis & Individualise Treatment,source-topics,True,True,👤 Pharmacy Patient Triage Case | 🩺 Related clinical protocol | 🗣️ Patient presentation | 🇦🇺 Australian practice context | Key terms and local language | 📋 Pharmacist assessment questions (W-H-A-T-M-A-N) | 💊 Recommended pharmacist consultation | Non-urgent GP/midwife review before treatment | 🚨 Red flags and escalation cues | ⚖️ Administrative / jurisdiction note | Official NSW and Australian references
current,doc-scenario-clinical-shingrix-vaccine,fa,تریاژ بالینی: ۹. واکسن زونا شینگریکس و فواصل دوزینگ در افراد سالم و نقص ایمنی (Shingrix Zoster Vaccine),source-topics,True,True,👤 پرونده بیمار و تریاژ داروخانه (Pharmacy Patient Triage) | 🩺 پروتکل بالینی و درمان مرتبط: | 🗣️ گفتگوی تریاژ و شرح حال بیمار (Patient Presentation & Dialogue) | 📋 پروتکل ارزیابی تشخیصی داروساز (W-H-A-T-M-A-N Protocol): | 💊 مشاوره بالینی صحیح داروساز (Recommended Pharmacist Consultation): | ✅ قابل مدیریت در داروخانه با داروی OTC (Manage in Pharmacy) | 🚨 علائم هشدار و خطوط قرمز ارجاع (Red Flags & Referral):
current,doc-scenario-clinical-shingrix-vaccine,en,Clinical Triage: 9. Shingrix Zoster Vaccine Schedule Advisory,source-topics,True,True,👤 Pharmacy Patient Triage Case | 🩺 Related clinical protocol | 🗣️ Patient presentation | 📋 Pharmacist assessment questions (W-H-A-T-M-A-N) | 💊 Recommended pharmacist consultation | ✅ Pharmacy management pathway | 🚨 Red flags and escalation cues
current,doc-scenario-clinical-ear-triage,fa,تریاژ بالینی: ۱۰. درد گوش و پارگی پرده گوش (Ear Pain & TM Perforation Contraindication),source-topics,True,True,👤 پرونده بیمار و تریاژ داروخانه (Pharmacy Patient Triage) | 🩺 پروتکل بالینی و درمان مرتبط: | 🗣️ گفتگوی تریاژ و شرح حال بیمار (Patient Presentation & Dialogue) | 📋 پروتکل ارزیابی تشخیصی داروساز (W-H-A-T-M-A-N Protocol): | 💊 مشاوره بالینی صحیح داروساز (Recommended Pharmacist Consultation): | 🚨 نیازمند ارجاع فوری به پزشک (Urgent GP/ED Referral) | 🚨 علائم هشدار و خطوط قرمز ارجاع (Red Flags & Referral):
current,doc-scenario-clinical-ear-triage,en,Clinical Triage: 10. Ear Pain & Tympanic Perforation,source-topics,True,True,👤 Pharmacy Patient Triage Case | 🩺 Related clinical protocol | 🗣️ Patient presentation | 📋 Pharmacist assessment questions (W-H-A-T-M-A-N) | 💊 Recommended pharmacist consultation | 🚨 Referral required | 🚨 Red flags and escalation cues | 📨 Referral handover template
current,doc-scenario-clinical-dyspepsia-triage,fa,"تریاژ بالینی: ۱۱. سوزش معده، گیر کردن غذا در گلو و مدفوع تیره (Dyspepsia, Dysphagia & Melena)",source-topics,True,True,👤 پرونده بیمار و تریاژ داروخانه (Pharmacy Patient Triage) | 🩺 پروتکل بالینی و درمان مرتبط: | 🗣️ گفتگوی تریاژ و شرح حال بیمار (Patient Presentation & Dialogue) | 📋 پروتکل ارزیابی تشخیصی داروساز (W-H-A-T-M-A-N Protocol): | 💊 مشاوره بالینی صحیح داروساز (Recommended Pharmacist Consultation): | 🚨 نیازمند ارجاع فوری به پزشک (Urgent GP/ED Referral) | 🚨 علائم هشدار و خطوط قرمز ارجاع (Red Flags & Referral):
current,doc-scenario-clinical-dyspepsia-triage,en,"Clinical Triage: 11. Dyspepsia, Dysphagia & Melena Triage",source-topics,True,True,👤 Pharmacy Patient Triage Case | 🩺 Related clinical protocol | 🗣️ Patient presentation | 📋 Pharmacist assessment questions (W-H-A-T-M-A-N) | 💊 Recommended pharmacist consultation | 🚨 Referral required | 🚨 Red flags and escalation cues | 📨 Referral handover template
current,doc-scenario-clinical-sunburn-triage,fa,تریاژ بالینی: ۱۲. آفتاب‌سوختگی شدید، تاول‌های وسیع و تب (Severe Sunburn & Systemic Toxicity),source-topics,True,True,👤 پرونده بیمار و تریاژ داروخانه (Pharmacy Patient Triage) | 🩺 پروتکل بالینی و درمان مرتبط: | 🗣️ گفتگوی تریاژ و شرح حال بیمار (Patient Presentation & Dialogue) | 📋 پروتکل ارزیابی تشخیصی داروساز (W-H-A-T-M-A-N Protocol): | 💊 مشاوره بالینی صحیح داروساز (Recommended Pharmacist Consultation): | 🚨 نیازمند ارجاع فوری به پزشک (Urgent GP/ED Referral) | 🚨 علائم هشدار و خطوط قرمز ارجاع (Red Flags & Referral):
current,doc-scenario-clinical-sunburn-triage,en,Clinical Triage: 12. Severe Sunburn & Systemic Toxicity,source-topics,True,True,👤 Pharmacy Patient Triage Case | 🩺 Related clinical protocol | 🗣️ Patient presentation | 📋 Pharmacist assessment questions (W-H-A-T-M-A-N) | 💊 Recommended pharmacist consultation | 🚨 Referral required | 🚨 Red flags and escalation cues | 📨 Referral handover template
current,doc-scenario-clinical-musculoskeletal-triage,fa,تریاژ بالینی: ۱۳. پیچ‌خوردگی مچ پا، قانون Ottawa Ankle Rules و پروتکل RICER (Soft Tissue Injury),source-topics,True,True,👤 پرونده بیمار و تریاژ داروخانه (Pharmacy Patient Triage) | 🗣️ گفتگوی تریاژ و شرح حال بیمار (Patient Presentation & Dialogue) | 📋 پروتکل ارزیابی تشخیصی داروساز (W-H-A-T-M-A-N Protocol): | 💊 مشاوره بالینی صحیح داروساز (Recommended Pharmacist Consultation): | 🚨 نیازمند ارجاع فوری به پزشک (Urgent GP/ED Referral) | 🚨 علائم هشدار و خطوط قرمز ارجاع (Red Flags & Referral):
current,doc-scenario-clinical-musculoskeletal-triage,en,Clinical Triage: 13. Ankle Injury: Ottawa Ankle Rules & RICER Protocol,source-topics,True,True,👤 Pharmacy Patient Triage Case | 🗣️ Patient presentation | 📋 Pharmacist assessment questions (W-H-A-T-M-A-N) | 💊 Recommended pharmacist consultation | 🚨 Referral required | 🚨 Red flags and escalation cues | 📨 Referral handover template
current,doc-scenario-clinical-diarrhea-triage,fa,تریاژ بالینی: ۱۴. اسهال حاد کودکان، محلول Hydralyte ORS و منع لوپرامید (Acute Diarrhea & Hydralyte ORS),source-topics,True,True,👤 پرونده بیمار و تریاژ داروخانه (Pharmacy Patient Triage) | 🗣️ گفتگوی تریاژ و شرح حال بیمار (Patient Presentation & Dialogue) | 📋 پروتکل ارزیابی تشخیصی داروساز (W-H-A-T-M-A-N Protocol): | 💊 مشاوره بالینی صحیح داروساز (Recommended Pharmacist Consultation): | ✅ قابل مدیریت در داروخانه با داروی OTC (Manage in Pharmacy) | 🚨 علائم هشدار و خطوط قرمز ارجاع (Red Flags & Referral):
current,doc-scenario-clinical-diarrhea-triage,en,Clinical Triage: 14. Pediatric Diarrhea: Hydralyte ORS & Loperamide Rules,source-topics,True,True,👤 Pharmacy Patient Triage Case | 🗣️ Patient presentation | 📋 Pharmacist assessment questions (W-H-A-T-M-A-N) | 💊 Recommended pharmacist consultation | ✅ Pharmacy management pathway | 🚨 Red flags and escalation cues
current,doc-scenario-clinical-heartburn-gord-triage,fa,تریاژ بالینی: ۱۵. سوزش معده و رفلاکس (GORD)، آنتی‌اسید Mylanta در برابر PPI (Nexium 24HR / Somac) + قانون فاصله ۲ ساعته,source-topics,True,True,👤 پرونده بیمار و تریاژ داروخانه (Pharmacy Patient Triage) | 🗣️ گفتگوی تریاژ و شرح حال بیمار (Patient Presentation & Dialogue) | 📋 پروتکل ارزیابی تشخیصی داروساز (W-H-A-T-M-A-N Protocol): | 💊 مشاوره بالینی صحیح داروساز (Recommended Pharmacist Consultation): | ✅ قابل مدیریت در داروخانه با داروی OTC (Manage in Pharmacy) | 🚨 علائم هشدار و خطوط قرمز ارجاع (Red Flags & Referral):
current,doc-scenario-clinical-heartburn-gord-triage,en,Clinical Triage: 15. Heartburn & GORD: Mylanta vs PPI (Nexium 24HR / Somac) & 2-Hour Separation Rule,source-topics,True,True,👤 Pharmacy Patient Triage Case | 🗣️ Patient presentation | 📋 Pharmacist assessment questions (W-H-A-T-M-A-N) | 💊 Recommended pharmacist consultation | ✅ Pharmacy management pathway | 🚨 Red flags and escalation cues
current,doc-scenario-clinical-laxative-triage,fa,تریاژ بالینی: ۱۶. تریاژ ملین‌ها (Laxative Triage): تمایز Metamucil (حجم‌دهنده)، Movicol (اسموتیک) و Coloxyl with Senna (محرک),source-topics,True,True,👤 پرونده بیمار و تریاژ داروخانه (Pharmacy Patient Triage) | 🗣️ گفتگوی تریاژ و شرح حال بیمار (Patient Presentation & Dialogue) | 📋 پروتکل ارزیابی تشخیصی داروساز (W-H-A-T-M-A-N Protocol): | 💊 مشاوره بالینی صحیح داروساز (Recommended Pharmacist Consultation): | ✅ قابل مدیریت در داروخانه با داروی OTC (Manage in Pharmacy) | 🚨 علائم هشدار و خطوط قرمز ارجاع (Red Flags & Referral):
current,doc-scenario-clinical-laxative-triage,en,Clinical Triage: 16. Laxative Triage: Bulk-Forming (Metamucil) vs Osmotic (Movicol) vs Stimulant (Coloxyl),source-topics,True,True,👤 Pharmacy Patient Triage Case | 🗣️ Patient presentation | 📋 Pharmacist assessment questions (W-H-A-T-M-A-N) | 💊 Recommended pharmacist consultation | ✅ Pharmacy management pathway | 🚨 Red flags and escalation cues
current,doc-scenario-clinical-panadol-osteo-triage,fa,تریاژ بالینی: ۱۷. درد آرتروز زانو: تمایز Paracetamol MR 665mg (Panadol Osteo S3) در برابر IR 500mg معمولی,source-topics,True,True,👤 پرونده بیمار و تریاژ داروخانه (Pharmacy Patient Triage) | 🗣️ گفتگوی تریاژ و شرح حال بیمار (Patient Presentation & Dialogue) | 📋 پروتکل ارزیابی تشخیصی داروساز (W-H-A-T-M-A-N Protocol): | 💊 مشاوره بالینی صحیح داروساز (Recommended Pharmacist Consultation): | ✅ قابل مدیریت در داروخانه با داروی OTC (Manage in Pharmacy) | 🚨 علائم هشدار و خطوط قرمز ارجاع (Red Flags & Referral):
current,doc-scenario-clinical-panadol-osteo-triage,en,Clinical Triage: 17. Osteoarthritis Pain: Paracetamol MR 665mg (Panadol Osteo S3) vs IR 500mg Dosing,source-topics,True,True,👤 Pharmacy Patient Triage Case | 🗣️ Patient presentation | 📋 Pharmacist assessment questions (W-H-A-T-M-A-N) | 💊 Recommended pharmacist consultation | ✅ Pharmacy management pathway | 🚨 Red flags and escalation cues
current,doc-scenario-clinical-ankle-ricer-protocol,fa,"تریاژ بالینی: ۱۸. آسیب بافت نرم مچ پا: پروتکل RICER (Rest, Ice, Compression, Elevation, Referral) و ایمنی NSAID",source-topics,True,True,👤 پرونده بیمار و تریاژ داروخانه (Pharmacy Patient Triage) | 🗣️ گفتگوی تریاژ و شرح حال بیمار (Patient Presentation & Dialogue) | 📋 پروتکل ارزیابی تشخیصی داروساز (W-H-A-T-M-A-N Protocol): | 💊 مشاوره بالینی صحیح داروساز (Recommended Pharmacist Consultation): | ✅ قابل مدیریت در داروخانه با داروی OTC (Manage in Pharmacy) | 🚨 علائم هشدار و خطوط قرمز ارجاع (Red Flags & Referral):
current,doc-scenario-clinical-ankle-ricer-protocol,en,Clinical Triage: 18. Soft Tissue Ankle Injury: RICER Protocol & NSAID Timing in Acute Phase,source-topics,True,True,👤 Pharmacy Patient Triage Case | 🗣️ Patient presentation | 📋 Pharmacist assessment questions (W-H-A-T-M-A-N) | 💊 Recommended pharmacist consultation | ✅ Pharmacy management pathway | 🚨 Red flags and escalation cues
current,doc-scenario-clinical-nsaid-safety-check,fa,تریاژ بالینی: ۱۹. غربالگری ایمنی NSAIDها: آسم، زخم معده، کلیوی و تداخل Spironolactone با Meloxicam / Nurofen,source-topics,True,True,👤 پرونده بیمار و تریاژ داروخانه (Pharmacy Patient Triage) | 🗣️ گفتگوی تریاژ و شرح حال بیمار (Patient Presentation & Dialogue) | 📋 پروتکل ارزیابی تشخیصی داروساز (W-H-A-T-M-A-N Protocol): | 💊 مشاوره بالینی صحیح داروساز (Recommended Pharmacist Consultation): | ✅ قابل مدیریت در داروخانه با داروی OTC (Manage in Pharmacy) | 🚨 علائم هشدار و خطوط قرمز ارجاع (Red Flags & Referral):
current,doc-scenario-clinical-nsaid-safety-check,en,"Clinical Triage: 19. NSAID Safety Screening: Asthma, Peptic Ulcers, Renal Impairment & Spironolactone Interaction",source-topics,True,True,👤 Pharmacy Patient Triage Case | 🗣️ Patient presentation | 📋 Pharmacist assessment questions (W-H-A-T-M-A-N) | 💊 Recommended pharmacist consultation | ✅ Pharmacy management pathway | 🚨 Red flags and escalation cues
current,doc-scenario-clinical-smoking-cessation-5as,fa,تریاژ بالینی: ۲۰. مشاوره ترک سیگار با چارچوب 5A's، ارزیابی وابستگی نیکوتین و درمان ترکیبی NRT,source-topics,True,True,👤 پرونده بیمار و تریاژ داروخانه (Pharmacy Patient Triage) | 🗣️ گفتگوی تریاژ و شرح حال بیمار (Patient Presentation & Dialogue) | 📋 پروتکل ارزیابی تشخیصی داروساز (W-H-A-T-M-A-N Protocol): | 💊 مشاوره بالینی صحیح داروساز (Recommended Pharmacist Consultation): | ✅ قابل مدیریت در داروخانه با داروی OTC (Manage in Pharmacy) | 🚨 علائم هشدار و خطوط قرمز ارجاع (Red Flags & Referral):
current,doc-scenario-clinical-smoking-cessation-5as,en,"Clinical Triage: 20. Smoking Cessation Consultation: 5A's Framework, Nicotine Dependence & Combination NRT Protocol",source-topics,True,True,👤 Pharmacy Patient Triage Case | 🗣️ Patient presentation | 📋 Pharmacist assessment questions (W-H-A-T-M-A-N) | 💊 Recommended pharmacist consultation | ✅ Pharmacy management pathway | 🚨 Red flags and escalation cues
current,doc-scenario-clinical-s3-pseudoephedrine-conflict,fa,تریاژ بالینی: C1. مدیریت تعارض و ثبت حوزه‌محور سودوافدرین S3 در NSW,source-topics,True,True,مقدمه | 📋 پروتکل ارزیابی تشخیصی داروساز (W-H-A-T-M-A-N Protocol): | 🚨 علائم هشدار و خطوط قرمز ارجاع (Red Flags & Referral): | یادداشت حوزهٔ قضایی و منابع رسمی
current,doc-scenario-clinical-s3-pseudoephedrine-conflict,en,Clinical Triage: C1. De-escalation & jurisdiction-specific pseudoephedrine S3 recording in NSW,source-topics,True,True,Overview | 🗣️ Patient presentation | 🇦🇺 Australian practice context | Key terms and local language | 📋 Pharmacist assessment questions (W-H-A-T-M-A-N) | 💊 Recommended pharmacist consultation | ✅ Pharmacy management pathway | 🚨 Red flags and escalation cues | ⚖️ Administrative / jurisdiction note | Jurisdiction note & official references
current,doc-scenario-clinical-emergency-supply-continued-dispensing,fa,تریاژ بالینی: C2. اتمام داروی فشار خون در تعطیلات و درخواست تحویل اضطراری (Emergency Supply / Continued Dispensing),source-topics,True,True,👤 پرونده بیمار و تریاژ داروخانه (Pharmacy Patient Triage) | 🗣️ گفتگوی تریاژ و شرح حال بیمار (Patient Presentation & Dialogue) | 🇦🇺 اصطلاحات محلی و واژگان کوچه بازاری (Aussie Slang & Context): | 📋 پروتکل ارزیابی تشخیصی داروساز (W-H-A-T-M-A-N Protocol): | 💊 مشاوره بالینی صحیح داروساز (Recommended Pharmacist Consultation): | ✅ قابل مدیریت در داروخانه با داروی OTC (Manage in Pharmacy) | 🚨 علائم هشدار و خطوط قرمز ارجاع (Red Flags & Referral):
current,doc-scenario-clinical-emergency-supply-continued-dispensing,en,Clinical Triage: C2. Emergency Supply / Continued Dispensing Demand (GP Closed),source-topics,True,True,👤 Pharmacy Patient Triage Case | 🗣️ Patient presentation | 🇦🇺 Australian practice context | Key terms and local language | 📋 Pharmacist assessment questions (W-H-A-T-M-A-N) | 💊 Recommended pharmacist consultation | ✅ Pharmacy management pathway | 🚨 Red flags and escalation cues | ⚖️ Administrative / jurisdiction note
current,doc-scenario-clinical-angry-wait-time-deescalation,fa,تریاژ بالینی: C3. اعتراض پرخاشگرانه به زمان معطلی تحویل نسخه و آرام‌سازی (Angry Wait Time & De-escalation),source-topics,True,True,👤 پرونده بیمار و تریاژ داروخانه (Pharmacy Patient Triage) | 🗣️ گفتگوی تریاژ و شرح حال بیمار (Patient Presentation & Dialogue) | 🇦🇺 اصطلاحات محلی و واژگان کوچه بازاری (Aussie Slang & Context): | 📋 پروتکل ارزیابی تشخیصی داروساز (W-H-A-T-M-A-N Protocol): | 💊 مشاوره بالینی صحیح داروساز (Recommended Pharmacist Consultation): | ✅ قابل مدیریت در داروخانه با داروی OTC (Manage in Pharmacy) | 🚨 علائم هشدار و خطوط قرمز ارجاع (Red Flags & Referral):
current,doc-scenario-clinical-angry-wait-time-deescalation,en,Clinical Triage: C3. Patient Angry About Dispensing Wait Time,source-topics,True,True,👤 Pharmacy Patient Triage Case | 🗣️ Patient presentation | 🇦🇺 Australian practice context | Key terms and local language | 📋 Pharmacist assessment questions (W-H-A-T-M-A-N) | 💊 Recommended pharmacist consultation | ✅ Pharmacy management pathway | 🚨 Red flags and escalation cues | ⚖️ Administrative / jurisdiction note
current,doc-scenario-clinical-safescript-early-refill-s8,fa,تریاژ بالینی: C4. هشدار SafeScript و درخواست جایگزینی زودهنگام داروی S8/S4 (NSW),source-topics,True,True,👤 پرونده بیمار و تریاژ داروخانه (Pharmacy Patient Triage) | 🗣️ گفتگوی تریاژ و شرح حال بیمار (Patient Presentation & Dialogue) | 🇦🇺 اصطلاحات محلی و واژگان کوچه بازاری (Aussie Slang & Context): | 📋 پروتکل ارزیابی تشخیصی داروساز (W-H-A-T-M-A-N Protocol): | 💊 مشاوره بالینی صحیح داروساز (Recommended Pharmacist Consultation): | تصمیم فردی پس از بررسی ایمنی | 🚨 علائم هشدار و خطوط قرمز ارجاع (Red Flags & Referral): | منابع رسمی NSW و یادداشت ویرایشی
current,doc-scenario-clinical-safescript-early-refill-s8,en,Clinical Triage: C4. SafeScript Alert & Early Replacement Request (NSW; S8/S4),source-topics,True,True,👤 Pharmacy Patient Triage Case | 🗣️ Patient presentation | 🇦🇺 Australian practice context | Key terms and local language | 📋 Pharmacist assessment questions (W-H-A-T-M-A-N) | 💊 Recommended pharmacist consultation | Individual decision after safety review | 🚨 Red flags and escalation cues | ⚖️ Administrative / jurisdiction note | 📨 Referral handover template | Official NSW references
current,doc-scenario-admin-admin-lost-escript-mysl,fa,قوانین نسخه و بیمه: A1. توکن نسخهٔ الکترونیک گم‌شده: مسیر ASL/MySL و بازیابی,source-topics,True,True,👤 پرونده بیمار و تریاژ داروخانه (Pharmacy Patient Triage) | 🗣️ گفتگوی تریاژ و شرح حال بیمار (Patient Presentation & Dialogue) | 🇦🇺 اصطلاحات محلی و واژگان کوچه بازاری (Aussie Slang & Context): | 📋 پروتکل ارزیابی تشخیصی داروساز (W-H-A-T-M-A-N Protocol): | 💊 مشاوره بالینی صحیح داروساز (Recommended Pharmacist Consultation): | اول مسیر بازیابی را تأیید کنید | 🚨 علائم هشدار و خطوط قرمز ارجاع (Red Flags & Referral): | منابع رسمی استرالیا و یادداشت ویرایشی
current,doc-scenario-admin-admin-lost-escript-mysl,en,Administrative Script Case: A1. Lost eScript Token: ASL/MySL Eligibility & Recovery,source-topics,True,True,👤 Pharmacy Patient Triage Case | 🗣️ Patient presentation | 🇦🇺 Australian practice context | Key terms and local language | 📋 Pharmacist assessment questions (W-H-A-T-M-A-N) | 💊 Recommended pharmacist consultation | Confirm the recovery pathway first | 🚨 Red flags and escalation cues | ⚖️ Administrative / jurisdiction note | Official Australian references
current,doc-scenario-admin-admin-third-party-pickup,fa,قوانین نسخه و بیمه: A2. تحویل داروی عضو سالخورده خانواده توسط شخص ثالث (Picking up for Elderly Family Member),source-topics,True,True,👤 پرونده بیمار و تریاژ داروخانه (Pharmacy Patient Triage) | 🗣️ گفتگوی تریاژ و شرح حال بیمار (Patient Presentation & Dialogue) | 🇦🇺 اصطلاحات محلی و واژگان کوچه بازاری (Aussie Slang & Context): | 📋 پروتکل ارزیابی تشخیصی داروساز (W-H-A-T-M-A-N Protocol): | 💊 مشاوره بالینی صحیح داروساز (Recommended Pharmacist Consultation): | ✅ قابل مدیریت در داروخانه با داروی OTC (Manage in Pharmacy) | 🚨 علائم هشدار و خطوط قرمز ارجاع (Red Flags & Referral):
current,doc-scenario-admin-admin-third-party-pickup,en,Administrative Script Case: A2. Third-Party Script Collection for Elderly Family Member,source-topics,True,True,👤 Pharmacy Patient Triage Case | 🗣️ Patient presentation | 🇦🇺 Australian practice context | Key terms and local language | 📋 Pharmacist assessment questions (W-H-A-T-M-A-N) | 💊 Recommended pharmacist consultation | ✅ Pharmacy management pathway | 🚨 Red flags and escalation cues | ⚖️ Administrative / jurisdiction note
current,doc-scenario-admin-admin-medicare-copayment-safetynet,fa,قوانین نسخه و بیمه: A3. ابهام فرانشیز مدیکر: تفاوت General $25.00 و Concession $7.70 و سقف Safety Net,source-topics,True,True,مرجع رسمی سهم پرداخت و Safety Net — snapshot سال ۲۰۲۶ (بازبینی ۲۷ سپتامبر ۲۰۲۶) | 👤 پرونده بیمار و تریاژ داروخانه (Pharmacy Patient Triage) | 🗣️ گفتگوی تریاژ و شرح حال بیمار (Patient Presentation & Dialogue) | 🇦🇺 اصطلاحات محلی و واژگان کوچه بازاری (Aussie Slang & Context): | 📋 پروتکل ارزیابی تشخیصی داروساز (W-H-A-T-M-A-N Protocol): | 💊 مشاوره بالینی صحیح داروساز (Recommended Pharmacist Consultation): | ✅ قابل مدیریت در داروخانه با داروی OTC (Manage in Pharmacy) | 🚨 علائم هشدار و خطوط قرمز ارجاع (Red Flags & Referral):
current,doc-scenario-admin-admin-medicare-copayment-safetynet,en,Administrative PBS Script Case (2026): A3. Medicare Concession vs General Co-Payment & PBS Safety Net,source-topics,True,True,Official co-payment and Safety Net reference — 2026 snapshot (checked 27 September 2026) | 👤 Pharmacy Patient Triage Case | 🗣️ Patient presentation | 🇦🇺 Australian practice context | Key terms and local language | 📋 Pharmacist assessment questions (W-H-A-T-M-A-N) | 💊 Recommended pharmacist consultation | ✅ Pharmacy management pathway | 🚨 Red flags and escalation cues | ⚖️ Administrative / jurisdiction note
current,doc-scenario-admin-admin-tax-invoice-sick-leave,fa,قوانین نسخه و بیمه: A4. فاکتور رسمی بیمه تکمیلی و صدور گواهی استعلاجی میگرن (Tax Invoice & Leave Certificate),source-topics,True,True,👤 پرونده بیمار و تریاژ داروخانه (Pharmacy Patient Triage) | 🗣️ گفتگوی تریاژ و شرح حال بیمار (Patient Presentation & Dialogue) | 🇦🇺 اصطلاحات محلی و واژگان کوچه بازاری (Aussie Slang & Context): | 📋 پروتکل ارزیابی تشخیصی داروساز (W-H-A-T-M-A-N Protocol): | 💊 مشاوره بالینی صحیح داروساز (Recommended Pharmacist Consultation): | ✅ قابل مدیریت در داروخانه با داروی OTC (Manage in Pharmacy) | 🚨 علائم هشدار و خطوط قرمز ارجاع (Red Flags & Referral):
current,doc-scenario-admin-admin-tax-invoice-sick-leave,en,Administrative Script Case: A4. Private Health Fund Tax Invoice & Pharmacist Leave Certificate,source-topics,True,True,👤 Pharmacy Patient Triage Case | 🗣️ Patient presentation | 🇦🇺 Australian practice context | Key terms and local language | 📋 Pharmacist assessment questions (W-H-A-T-M-A-N) | 💊 Recommended pharmacist consultation | ✅ Pharmacy management pathway | 🚨 Red flags and escalation cues | ⚖️ Administrative / jurisdiction note
current,doc-script-case-script_pb82,fa,چالش قانونی و دیسپنسینگ: ۱. نسخه چاپی کامپیوتری دوبَرگی PBS (Form PB 82),single-unit,True,True,چالش قانونی و دیسپنسینگ: ۱. نسخه چاپی کامپیوتری دوبَرگی PBS (Form PB 82)
current,doc-script-case-script_pb82,en,Dispensing Dilemma: 1. Standard Dual-Part Computerized PBS Prescription (PB 82),single-unit,True,True,Dispensing Dilemma: 1. Standard Dual-Part Computerized PBS Prescription (PB 82)
current,doc-script-case-script_repeat_pb24,fa,چالش قانونی و دیسپنسینگ: ۲. بسته نسخه تکرار زرد (Repeat Form PB 24 + Duplicate),single-unit,True,True,چالش قانونی و دیسپنسینگ: ۲. بسته نسخه تکرار زرد (Repeat Form PB 24 + Duplicate)
current,doc-script-case-script_repeat_pb24,en,Dispensing Dilemma: 2. Official PBS Repeat Authorisation Form (PB 24) & Duplicate,single-unit,True,True,Dispensing Dilemma: 2. Official PBS Repeat Authorisation Form (PB 24) & Duplicate
current,doc-script-case-script_handwritten,fa,چالش قانونی و دیسپنسینگ: ۳. نسخه دست‌نویس کاربنی پزشک (Handwritten Carbon Script),single-unit,True,True,چالش قانونی و دیسپنسینگ: ۳. نسخه دست‌نویس کاربنی پزشک (Handwritten Carbon Script)
current,doc-script-case-script_handwritten,en,Dispensing Dilemma: 3. Doctor Handwritten Carbon Prescription Pad,single-unit,True,True,Dispensing Dilemma: 3. Doctor Handwritten Carbon Prescription Pad
current,doc-script-case-script_escript,fa,چالش قانونی و دیسپنسینگ: ۴. توکن نسخه تمام‌الکترونیک (eScript QR Token / ASL),single-unit,True,True,چالش قانونی و دیسپنسینگ: ۴. توکن نسخه تمام‌الکترونیک (eScript QR Token / ASL)
current,doc-script-case-script_escript,en,Dispensing Dilemma: 4. Electronic Prescription QR Token & Active Script List,single-unit,True,True,Dispensing Dilemma: 4. Electronic Prescription QR Token & Active Script List
current,doc-script-case-script_s8_nsw,fa,چالش قانونی و دیسپنسینگ: ۵. نسخه داروی مخدر تحت کنترل شدید (NSW S8 Script),single-unit,True,True,چالش قانونی و دیسپنسینگ: ۵. نسخه داروی مخدر تحت کنترل شدید (NSW S8 Script)
current,doc-script-case-script_s8_nsw,en,Dispensing Dilemma: 5. NSW Schedule 8 Controlled Drug Prescription Pad,single-unit,True,True,Dispensing Dilemma: 5. NSW Schedule 8 Controlled Drug Prescription Pad
current,doc-script-case-script_odt_racf,fa,چالش قانونی و دیسپنسینگ: ۶. فرم درمان اعتیاد و چارت سالمندان (NSW ODT & RACF Chart),single-unit,True,True,چالش قانونی و دیسپنسینگ: ۶. فرم درمان اعتیاد و چارت سالمندان (NSW ODT & RACF Chart)
current,doc-script-case-script_odt_racf,en,Dispensing Dilemma: 6. NSW Opioid Treatment Program & Residential Medication Chart,single-unit,True,True,Dispensing Dilemma: 6. NSW Opioid Treatment Program & Residential Medication Chart
current,doc-script-type-pbs_computer_pb82,fa,راهنمای فرم نسخه: نسخه چاپی کامپیوتری دوبَرگی PBS (Form PB 82),single-unit,True,True,راهنمای فرم نسخه: نسخه چاپی کامپیوتری دوبَرگی PBS (Form PB 82)
current,doc-script-type-pbs_computer_pb82,en,Script Template: Standard Computerized PBS Prescription (Form PB 82),single-unit,True,True,Script Template: Standard Computerized PBS Prescription (Form PB 82)
current,doc-script-type-pbs_repeat_pb24,fa,راهنمای فرم نسخه: نسخه تکرار زرد (Repeat Form),single-unit,True,True,راهنمای فرم نسخه: نسخه تکرار زرد (Repeat Form)
current,doc-script-type-pbs_repeat_pb24,en,Script Template: Repeat Authorisation & Duplicate,single-unit,True,True,Script Template: Repeat Authorisation & Duplicate
current,doc-script-type-handwritten_carbon_script,fa,راهنمای فرم نسخه: نسخه دست‌نویس کاربنی پزشک (Handwritten Carbon Script),single-unit,True,True,راهنمای فرم نسخه: نسخه دست‌نویس کاربنی پزشک (Handwritten Carbon Script)
current,doc-script-type-handwritten_carbon_script,en,Script Template: Doctor Handwritten Carbon Prescription Pad,single-unit,True,True,Script Template: Doctor Handwritten Carbon Prescription Pad
current,doc-script-type-escript_digital_token,fa,راهنمای فرم نسخه: نسخه توکن تمام‌الکترونیک (eScript Token / ASL),single-unit,True,True,راهنمای فرم نسخه: نسخه توکن تمام‌الکترونیک (eScript Token / ASL)
current,doc-script-type-escript_digital_token,en,Script Template: Electronic Prescription QR Token & Active Script List,single-unit,True,True,Script Template: Electronic Prescription QR Token & Active Script List
current,doc-script-type-nsw_s8_controlled_script,fa,راهنمای فرم نسخه: نسخه داروی تحت کنترل شدید (NSW S8 Script),single-unit,True,True,راهنمای فرم نسخه: نسخه داروی تحت کنترل شدید (NSW S8 Script)
current,doc-script-type-nsw_s8_controlled_script,en,Script Template: NSW Schedule 8 Controlled Drug Prescription,single-unit,True,True,Script Template: NSW Schedule 8 Controlled Drug Prescription
current,doc-script-type-nsw_odt_program_form,fa,راهنمای فرم نسخه: فرم درمان وابستگی به اوپیوئید نیوساوث‌ولز (NSW ODT Form),single-unit,True,True,راهنمای فرم نسخه: فرم درمان وابستگی به اوپیوئید نیوساوث‌ولز (NSW ODT Form)
current,doc-script-type-nsw_odt_program_form,en,Script Template: NSW Opioid Treatment Program (OTP) Methadone / Buprenorphine Form,single-unit,True,True,Script Template: NSW Opioid Treatment Program (OTP) Methadone / Buprenorphine Form
current,doc-script-type-racf_nrmc_medication_chart,fa,راهنمای فرم نسخه: چارت دارویی خانه سالمندان و وبسترپک (RACF / NRMC Chart),single-unit,True,True,راهنمای فرم نسخه: چارت دارویی خانه سالمندان و وبسترپک (RACF / NRMC Chart)
current,doc-script-type-racf_nrmc_medication_chart,en,Script Template: National Residential Medication Chart (NRMC / Webster-pak),single-unit,True,True,Script Template: National Residential Medication Chart (NRMC / Webster-pak)
current,doc-m1-sec2,fa,طرح بیمه درمانی Medicare و تفاوت مدل‌های Bulk Billing با Mixed Billing,single-unit,True,True,طرح بیمه درمانی Medicare و تفاوت مدل‌های Bulk Billing با Mixed Billing
current,doc-m1-sec2,en,"Universal Health Insurance: Medicare, Bulk Billing vs Mixed Billing & Gap Fees",single-unit,True,True,"Universal Health Insurance: Medicare, Bulk Billing vs Mixed Billing & Gap Fees"
current,doc-m1-sec3,fa,سیر تعاملی بیمار X: ارجاع از GP به Phlebotomist، Specialist، داروخانه و اورژانس,single-unit,True,True,سیر تعاملی بیمار X: ارجاع از GP به Phlebotomist، Specialist، داروخانه و اورژانس
current,doc-m1-sec3,en,"Patient X Journey: GP, Phlebotomist, Endoc, SGLT2i, Allergy & Hospital ER",single-unit,True,True,"Patient X Journey: GP, Phlebotomist, Endoc, SGLT2i, Allergy & Hospital ER"
current,doc-m1-sec4,fa,ارکان سه‌گانه TGA و ثبت دفترچه ARTG: تفاوت داروی AUST R با AUST L,single-unit,True,True,ارکان سه‌گانه TGA و ثبت دفترچه ARTG: تفاوت داروی AUST R با AUST L
current,doc-m1-sec4,en,TGA 3 Pillars & ARTG Registration: AUST R vs AUST L Medicines Matrix,single-unit,True,True,TGA 3 Pillars & ARTG Registration: AUST R vs AUST L Medicines Matrix
current,doc-m1-sec5,fa,طرح یارانه‌ای PBS و نقش مستقل کمیته مشورتی PBAC در تایید داروها,single-unit,True,True,طرح یارانه‌ای PBS و نقش مستقل کمیته مشورتی PBAC در تایید داروها
current,doc-m1-sec5,en,Pharmaceutical Benefits Scheme (PBS) & Independent PBAC Role,single-unit,True,True,Pharmaceutical Benefits Scheme (PBS) & Independent PBAC Role
current,doc-m1-sec6,fa,کاهش هزینه‌های خانواده با طرح PBS Safety Net و کارت‌های حمایتی,single-unit,True,True,کاهش هزینه‌های خانواده با طرح PBS Safety Net و کارت‌های حمایتی
current,doc-m1-sec6,en,PBS Safety Net: Family Unit Accumulation & Entitlement/Concession Cards,single-unit,True,True,PBS Safety Net: Family Unit Accumulation & Entitlement/Concession Cards
current,doc-m1-sec7,fa,متولیان قانونی استرالیا: AHPRA، PBA، Guild، PSA، APC، SHPA، PDL و مجوز Section 90,single-unit,True,True,متولیان قانونی استرالیا: AHPRA، PBA، Guild، PSA، APC، SHPA، PDL و مجوز Section 90
current,doc-m1-sec7,en,"Key Stakeholders: AHPRA, PBA, Guild, PSA, APC, SHPA, PDL & Section 90 Approval",single-unit,True,True,"Key Stakeholders: AHPRA, PBA, Guild, PSA, APC, SHPA, PDL & Section 90 Approval"
current,doc-m1-sec8,fa,هرم راهنماهای داروسازی و ۵ جریان استانداردهای عملکرد حرفه‌ای (PPS),single-unit,True,True,هرم راهنماهای داروسازی و ۵ جریان استانداردهای عملکرد حرفه‌ای (PPS)
current,doc-m1-sec8,en,Hierarchy of Guidance & The 5 Streams of Professional Practice Standards (PPS),single-unit,True,True,Hierarchy of Guidance & The 5 Streams of Professional Practice Standards (PPS)
current,doc-m1-sec9,fa,انواع فرمت‌های معتبر نسخه در استرالیا (کامپیوترساز، دستی، الکترونیک و بیمارستانی),single-unit,True,True,انواع فرمت‌های معتبر نسخه در استرالیا (کامپیوترساز، دستی، الکترونیک و بیمارستانی)
current,doc-m1-sec9,en,"Australian Prescription Formats: Computerized, Handwritten, eScripts & Hospital",single-unit,True,True,"Australian Prescription Formats: Computerized, Handwritten, eScripts & Hospital"
current,doc-m1-sec10,fa,اکوسیستم سلامت دیجیتال: پایش بلادرنگ (RTPM)، ASL و پرونده My Health Record,single-unit,True,True,اکوسیستم سلامت دیجیتال: پایش بلادرنگ (RTPM)، ASL و پرونده My Health Record
current,doc-m1-sec10,en,"Digital Health: Active Script List (ASL), SafeScript RTPM & My Health Record",single-unit,True,True,"Digital Health: Active Script List (ASL), SafeScript RTPM & My Health Record"
current,doc-m1-sec11,fa,"شناخت مراجع بالینی ضروری (AMH, Don't Rush to Crush, APF, eTG, MIMS)",single-unit,True,True,"شناخت مراجع بالینی ضروری (AMH, Don't Rush to Crush, APF, eTG, MIMS)"
current,doc-m1-sec11,en,"Essential Clinical References: AMH, APF, eTG, MIMS & Don't Rush to Crush",single-unit,True,True,"Essential Clinical References: AMH, APF, eTG, MIMS & Don't Rush to Crush"
current,doc-m2-sec1,fa,هرم راهنماهای داروسازی و دو قانون اصلی (TGA Act و National Health Act),single-unit,True,True,هرم راهنماهای داروسازی و دو قانون اصلی (TGA Act و National Health Act)
current,doc-m2-sec1,en,"Hierarchy of Guidelines, Therapeutic Goods Act & National Health Act",single-unit,True,True,"Hierarchy of Guidelines, Therapeutic Goods Act & National Health Act"
current,doc-m2-sec2,fa,جدول‌بندی داروها (SUSMP): از فروش عمومی (Unscheduled) تا داروهای تحت کنترل (S8),single-unit,True,True,جدول‌بندی داروها (SUSMP): از فروش عمومی (Unscheduled) تا داروهای تحت کنترل (S8)
current,doc-m2-sec2,en,"Medicine Scheduling (SUSMP): Unscheduled, S2, S3, S4, and S8",single-unit,True,True,"Medicine Scheduling (SUSMP): Unscheduled, S2, S3, S4, and S8"
current,doc-m2-sec3,fa,تفاوت قوانین ایالتی: نحوه چیدمان داروهای S2 و الزامات ثبت S3 Pseudoephedrine,single-unit,True,True,تفاوت قوانین ایالتی: نحوه چیدمان داروهای S2 و الزامات ثبت S3 Pseudoephedrine
current,doc-m2-sec3,en,State Legislation Variations: S2 Storage Locations & S3 Pseudoephedrine Recording,single-unit,True,True,State Legislation Variations: S2 Storage Locations & S3 Pseudoephedrine Recording
current,doc-m2-sec4,fa,تفاوت قوانین ایالتی در داروهای S8: انبارگردانی فیزیکی و الزامات نسخه مجزا,single-unit,True,True,تفاوت قوانین ایالتی در داروهای S8: انبارگردانی فیزیکی و الزامات نسخه مجزا
current,doc-m2-sec4,en,State S8 Variations: Separate Prescriptions & Register Stocktake Frequencies,single-unit,True,True,State S8 Variations: Separate Prescriptions & Register Stocktake Frequencies
current,doc-m2-sec5,fa,اخلاق داروسازی، تعارض با قانون و مقررات تبلیغات دارویی TGA,single-unit,True,True,اخلاق داروسازی، تعارض با قانون و مقررات تبلیغات دارویی TGA
current,doc-m2-sec5,en,"Pharmacy Ethics, Conflict with Law & TGA Medicine Advertising Framework",single-unit,True,True,"Pharmacy Ethics, Conflict with Law & TGA Medicine Advertising Framework"
current,doc-m2-sec6,fa,سناریوی منقضی شدن نسخه، تحویل اضطراری (Emergency Supply) و Continued Dispensing,single-unit,True,True,سناریوی منقضی شدن نسخه، تحویل اضطراری (Emergency Supply) و Continued Dispensing
current,doc-m2-sec6,en,Expired Prescription Supply Options: Emergency Supply & Continued Dispensing,single-unit,True,True,Expired Prescription Supply Options: Emergency Supply & Continued Dispensing
current,doc-m3-sec1,fa,تشخیص و ارجاع انواع سرفه: خشک، خلط‌دار و علائم هشدار ارجاع (Red Flags),single-unit,True,True,تشخیص و ارجاع انواع سرفه: خشک، خلط‌دار و علائم هشدار ارجاع (Red Flags)
current,doc-m3-sec1,en,Cough Classification (Dry vs Chesty) & Red Flags for GP Referral,single-unit,True,True,Cough Classification (Dry vs Chesty) & Red Flags for GP Referral
current,doc-m3-sec2,fa,درمان دارویی سرفه: Antitussives، Mucolytics و فراخوان کشوری Pholcodine,single-unit,True,True,درمان دارویی سرفه: Antitussives، Mucolytics و فراخوان کشوری Pholcodine
current,doc-m3-sec2,en,"Cough Treatments: Antitussives, Mucolytics & Pholcodine Recall",single-unit,True,True,"Cough Treatments: Antitussives, Mucolytics & Pholcodine Recall"
current,doc-m3-sec3,fa,تب یونجه (Hay Fever)، آنتی‌هیستامین‌ها و اسپری‌های بینی استروئیدی,single-unit,True,True,تب یونجه (Hay Fever)، آنتی‌هیستامین‌ها و اسپری‌های بینی استروئیدی
current,doc-m3-sec3,en,"Allergic Rhinitis (Hay Fever), Oral Antihistamines & Corticosteroid Sprays",single-unit,True,True,"Allergic Rhinitis (Hay Fever), Oral Antihistamines & Corticosteroid Sprays"
current,doc-m3-sec4,fa,مسکن‌های OTC (استامینوفن، ایبوپروفن، دیکلوفناک) و پروتکل RICER,single-unit,True,True,مسکن‌های OTC (استامینوفن، ایبوپروفن، دیکلوفناک) و پروتکل RICER
current,doc-m3-sec4,en,"OTC Analgesics, Slow-Release Paracetamol S3 Change & RICER Soft Tissue Protocol",single-unit,True,True,"OTC Analgesics, Slow-Release Paracetamol S3 Change & RICER Soft Tissue Protocol"
current,doc-m3-sec5,fa,مدیریت مشکلات گوارشی: سوءهاضمه، ملین‌ها (Laxatives)، ORS و PPIs,single-unit,True,True,مدیریت مشکلات گوارشی: سوءهاضمه، ملین‌ها (Laxatives)، ORS و PPIs
current,doc-m3-sec5,en,"Gastrointestinal: Dyspepsia Red Flags, Laxative Classes, ORS & PPI Dosing",single-unit,True,True,"Gastrointestinal: Dyspepsia Red Flags, Laxative Classes, ORS & PPI Dosing"
current,doc-m3-sec6,fa,ترک سیگار، چارچوب 5A's، ارزیابی وابستگی به نیکوتین و فرآورده‌های NRT,single-unit,True,True,ترک سیگار، چارچوب 5A's، ارزیابی وابستگی به نیکوتین و فرآورده‌های NRT
current,doc-m3-sec6,en,"Smoking Cessation 5A's Framework, Nicotine Dependence Levels & NRT Formulations",single-unit,True,True,"Smoking Cessation 5A's Framework, Nicotine Dependence Levels & NRT Formulations"
current,doc-m3-sec7,fa,مدیریت تجمع جرم گوش (Cerumol)، درماتیت (Dermaid)، تینئا و عفونت قارچی,single-unit,True,True,مدیریت تجمع جرم گوش (Cerumol)، درماتیت (Dermaid)، تینئا و عفونت قارچی
current,doc-m3-sec7,en,"Ear Wax Buildup (Waxsol) & Skin Conditions (Dermatitis, Tinea, Hydrosole)",single-unit,True,True,"Ear Wax Buildup (Waxsol) & Skin Conditions (Dermatitis, Tinea, Hydrosole)"
current,doc-m3-sec8,fa,نقش، جایگاه و مسئولیت‌های قانونی دستیار/تکنیسین داروخانه در استرالیا,single-unit,True,True,نقش، جایگاه و مسئولیت‌های قانونی دستیار/تکنیسین داروخانه در استرالیا
current,doc-m3-sec8,en,Role & Responsibilities of the Pharmacy Assistant in Australia,single-unit,True,True,Role & Responsibilities of the Pharmacy Assistant in Australia
current,doc-m4-sec1,fa,اهمیت حیاتی مشاوره دارویی، حقوق بیمار و جلوگیری از خطای دیسپنس,single-unit,True,True,اهمیت حیاتی مشاوره دارویی، حقوق بیمار و جلوگیری از خطای دیسپنس
current,doc-m4-sec1,en,"Integral Role of Counseling, Patient Rights & Dispensing Error Detection",single-unit,True,True,"Integral Role of Counseling, Patient Rights & Dispensing Error Detection"
current,doc-m4-sec2,fa,نحوه پرسشگری بدون قضاوت، ارزیابی Adherence و راهکارهای DAAs,single-unit,True,True,نحوه پرسشگری بدون قضاوت، ارزیابی Adherence و راهکارهای DAAs
current,doc-m4-sec2,en,"Non-Judgmental Adherence Assessment, Questioning Techniques & DAAs",single-unit,True,True,"Non-Judgmental Adherence Assessment, Questioning Techniques & DAAs"
current,doc-m4-sec3,fa,جزئیات دقیق مستندسازی BPMH: هفت مشخصه الزامی لیست داروها,single-unit,True,True,جزئیات دقیق مستندسازی BPMH: هفت مشخصه الزامی لیست داروها
current,doc-m4-sec3,en,Best Possible Medication History (BPMH): The 7 Mandatory Medication Details,single-unit,True,True,Best Possible Medication History (BPMH): The 7 Mandatory Medication Details
current,doc-m4-sec4,fa,تاییدیه بورد (PBA) بر راهنماهای مشاوره PSA و SHPA و استفاده از CMI,single-unit,True,True,تاییدیه بورد (PBA) بر راهنماهای مشاوره PSA و SHPA و استفاده از CMI
current,doc-m4-sec4,en,"PBA Endorsed Guidelines: PSA, SHPA & Consumer Medicines Information (CMI)",single-unit,True,True,"PBA Endorsed Guidelines: PSA, SHPA & Consumer Medicines Information (CMI)"
current,doc-m5-sec1,fa,تفاوت داده‌های اپیدمیولوژیک و شواهد اثربخشی در مقدمه گزارش,single-unit,True,True,تفاوت داده‌های اپیدمیولوژیک و شواهد اثربخشی در مقدمه گزارش
current,doc-m5-sec1,en,Epidemiological Data vs Evidence of Efficacy in Report Introductions,single-unit,True,True,Epidemiological Data vs Evidence of Efficacy in Report Introductions
current,doc-m5-sec2,fa,روند مرور ادبیات تحقیق (Literature Review)، کلمات غیرقابل‌تغییر و یادداشت‌برداری,single-unit,True,True,روند مرور ادبیات تحقیق (Literature Review)، کلمات غیرقابل‌تغییر و یادداشت‌برداری
current,doc-m5-sec2,en,"Literature Review Process, Unchangeable Terms & Note-taking Brackets",single-unit,True,True,"Literature Review Process, Unchangeable Terms & Note-taking Brackets"
current,doc-m5-sec3,fa,استفاده از قانون TED برای نگارش پاراگراف‌های علمی,single-unit,True,True,استفاده از قانون TED برای نگارش پاراگراف‌های علمی
current,doc-m5-sec3,en,"TED Paragraph Structure: Topic, Explanation & Discussion",single-unit,True,True,"TED Paragraph Structure: Topic, Explanation & Discussion"
current,doc-m5-sec4,fa,تفاوت خلاصه‌سازی، پارافریز (Paraphrasing)، کوتیشن مستقیم و بیان محدودیت‌ها,single-unit,True,True,تفاوت خلاصه‌سازی، پارافریز (Paraphrasing)، کوتیشن مستقیم و بیان محدودیت‌ها
current,doc-m5-sec4,en,"Summarizing, Paraphrasing, Direct Quoting Rules & Declaring Limitations",single-unit,True,True,"Summarizing, Paraphrasing, Direct Quoting Rules & Declaring Limitations"
current,doc-m6-sec1,fa,آشنایی با محیط داروخانه: Banner Group، داروخانه مستقل و چیدمان,single-unit,True,True,آشنایی با محیط داروخانه: Banner Group، داروخانه مستقل و چیدمان
current,doc-m6-sec1,en,"Pharmacy Environment: Banner Groups, Independent & Layout",single-unit,True,True,"Pharmacy Environment: Banner Groups, Independent & Layout"
current,doc-m6-sec2,fa,ورود اطلاعات در Fred Dispense: کد داروی PBS، برند معادل (A-Flag) و دستورات,single-unit,True,True,ورود اطلاعات در Fred Dispense: کد داروی PBS، برند معادل (A-Flag) و دستورات
current,doc-m6-sec2,en,"Fred Dispense Entry: PBS Codes, A-Flag Equivalents & Script Instructions",single-unit,True,True,"Fred Dispense Entry: PBS Codes, A-Flag Equivalents & Script Instructions"
current,doc-m6-sec3,fa,الزامات قانونی و بالینی پیش از دیسپنس: بررسی سایت PBS و تداخلات,single-unit,True,True,الزامات قانونی و بالینی پیش از دیسپنس: بررسی سایت PBS و تداخلات
current,doc-m6-sec3,en,"Legal & Clinical Considerations: State Poison Regs, PBS Website & Interactions",single-unit,True,True,"Legal & Clinical Considerations: State Poison Regs, PBS Website & Interactions"
current,doc-m6-sec4,fa,مراحل تحویل نهایی، یادداشت‌های ضمیمه و تایید ۲ شناسه هویتی,single-unit,True,True,مراحل تحویل نهایی، یادداشت‌های ضمیمه و تایید ۲ شناسه هویتی
current,doc-m6-sec4,en,"Final Handout, Attached Notes & 2-Identifier Verification",single-unit,True,True,"Final Handout, Attached Notes & 2-Identifier Verification"
current,doc-mechanism-mech-azoles,fa,مشتقات آزول (مهار سنتز ارگوسترول),single-unit,True,True,مشتقات آزول (مهار سنتز ارگوسترول)
current,doc-mechanism-mech-azoles,en,Azoles (Ergosterol Synthesis Inhibitor),single-unit,True,True,Azoles (Ergosterol Synthesis Inhibitor)
current,doc-mechanism-mech-allylamines,fa,آلیل‌آمین‌ها (مهار اسکوالن اپوکسیداز),single-unit,True,True,آلیل‌آمین‌ها (مهار اسکوالن اپوکسیداز)
current,doc-mechanism-mech-allylamines,en,Allylamines (Squalene Epoxidase Inhibitor),single-unit,True,True,Allylamines (Squalene Epoxidase Inhibitor)
current,doc-mechanism-mech-polyenes,fa,پلی‌ان‌ها (ایجاد منفذ در غشای ارگوسترول),single-unit,True,True,پلی‌ان‌ها (ایجاد منفذ در غشای ارگوسترول)
current,doc-mechanism-mech-polyenes,en,Polyenes (Ergosterol Membrane Disruptor),single-unit,True,True,Polyenes (Ergosterol Membrane Disruptor)
current,doc-mechanism-mech-benzimidazoles,fa,بنزایمیدازول‌ها (مهار میکروتوبول کرمک),single-unit,True,True,بنزایمیدازول‌ها (مهار میکروتوبول کرمک)
current,doc-mechanism-mech-benzimidazoles,en,Benzimidazoles (Tubulin Inhibitor),single-unit,True,True,Benzimidazoles (Tubulin Inhibitor)
current,doc-mechanism-mech-nucleoside-antiviral,fa,آنالوگ‌های گوانوزین (مهار DNA پلیمراز ویروس),single-unit,True,True,آنالوگ‌های گوانوزین (مهار DNA پلیمراز ویروس)
current,doc-mechanism-mech-nucleoside-antiviral,en,Nucleoside Analogues (Viral DNA Inhibitor),single-unit,True,True,Nucleoside Analogues (Viral DNA Inhibitor)
current,doc-mechanism-mech-topical-steroid,fa,کورتیکواستروئید موضعی (ضدالتهاب و خارش),single-unit,True,True,کورتیکواستروئید موضعی (ضدالتهاب و خارش)
current,doc-mechanism-mech-topical-steroid,en,Topical Corticosteroids (Anti-inflammatory),single-unit,True,True,Topical Corticosteroids (Anti-inflammatory)
current,doc-mechanism-mech-betalactams,fa,بتالاکتام‌ها (مهار دیواره پپتیدوگلیکان باکتری),single-unit,True,True,بتالاکتام‌ها (مهار دیواره پپتیدوگلیکان باکتری)
current,doc-mechanism-mech-betalactams,en,Beta-lactams (Cell Wall Inhibitor),single-unit,True,True,Beta-lactams (Cell Wall Inhibitor)
current,doc-mechanism-mech-macrolides,fa,ماکرولیدها (مهار سنتز پروتئین ریبوزوم 50S),single-unit,True,True,ماکرولیدها (مهار سنتز پروتئین ریبوزوم 50S)
current,doc-mechanism-mech-macrolides,en,Macrolides (50S Ribosomal Inhibitor),single-unit,True,True,Macrolides (50S Ribosomal Inhibitor)
current,doc-mechanism-mech-ppis,fa,مهارکننده‌های پمپ پروتون (PPIs / H+/K+ ATPase),single-unit,True,True,مهارکننده‌های پمپ پروتون (PPIs / H+/K+ ATPase)
current,doc-mechanism-mech-ppis,en,Proton Pump Inhibitors (H+/K+ ATPase),single-unit,True,True,Proton Pump Inhibitors (H+/K+ ATPase)
current,doc-mechanism-mech-saba,fa,آگونیست‌های بتا-۲ کوتاه‌اثر (SABA),single-unit,True,True,آگونیست‌های بتا-۲ کوتاه‌اثر (SABA)
current,doc-mechanism-mech-saba,en,Short-Acting Beta-2 Agonists (SABA),single-unit,True,True,Short-Acting Beta-2 Agonists (SABA)
current,doc-mechanism-mech-opioids,fa,آگونیست‌های گیرنده مو-اپیوئید (S8 Opioids),single-unit,True,True,آگونیست‌های گیرنده مو-اپیوئید (S8 Opioids)
current,doc-mechanism-mech-opioids,en,Mu-Opioid Receptor Agonists (S8),single-unit,True,True,Mu-Opioid Receptor Agonists (S8)
current,doc-mechanism-mech-sglt2,fa,مهارکننده‌های SGLT2 کلیه,single-unit,True,True,مهارکننده‌های SGLT2 کلیه
current,doc-mechanism-mech-sglt2,en,SGLT2 Inhibitors,single-unit,True,True,SGLT2 Inhibitors
current,doc-mechanism-mech-statins,fa,استاتین‌ها (مهارکننده HMG-CoA ردوکتاز),single-unit,True,True,استاتین‌ها (مهارکننده HMG-CoA ردوکتاز)
current,doc-mechanism-mech-statins,en,Statins (HMG-CoA Reductase Inhibitors),single-unit,True,True,Statins (HMG-CoA Reductase Inhibitors)
current,doc-mechanism-mech-decongestants,fa,ضداحتقان‌های آلفا-۱ (انقباض عروق بینی),single-unit,True,True,ضداحتقان‌های آلفا-۱ (انقباض عروق بینی)
current,doc-mechanism-mech-decongestants,en,Decongestants (Alpha-1 Agonist),single-unit,True,True,Decongestants (Alpha-1 Agonist)
current,doc-mechanism-mech-paracetamol,fa,پاراستامول (مهار سنتز پروستاگلاندین مرکزی),single-unit,True,True,پاراستامول (مهار سنتز پروستاگلاندین مرکزی)
current,doc-mechanism-mech-paracetamol,en,Paracetamol (Central Prostaglandin Synthesis Inhibitor),single-unit,True,True,Paracetamol (Central Prostaglandin Synthesis Inhibitor)
current,doc-mechanism-mech-nsaids,fa,مهارکننده‌های سیکلواکسیژناز COX (ضدالتهاب غیراستروئیدی NSAID),single-unit,True,True,مهارکننده‌های سیکلواکسیژناز COX (ضدالتهاب غیراستروئیدی NSAID)
current,doc-mechanism-mech-nsaids,en,Cyclooxygenase (COX-1/COX-2) Inhibitors (NSAIDs),single-unit,True,True,Cyclooxygenase (COX-1/COX-2) Inhibitors (NSAIDs)
current,doc-mechanism-mech-antihistamines,fa,آنتاگونیست‌های انتخابی گیرنده H1 هیستامین (آنتی‌هیستامین نسل جدید),single-unit,True,True,آنتاگونیست‌های انتخابی گیرنده H1 هیستامین (آنتی‌هیستامین نسل جدید)
current,doc-mechanism-mech-antihistamines,en,Selective Histamine H1 Receptor Antagonists (Non-sedating Antihistamines),single-unit,True,True,Selective Histamine H1 Receptor Antagonists (Non-sedating Antihistamines)
current,doc-mechanism-mech-antacids,fa,آنتی‌اسیدها و سد محافظ آلژینات (خنثی‌سازی اسید و سد فیزیکی),single-unit,True,True,آنتی‌اسیدها و سد محافظ آلژینات (خنثی‌سازی اسید و سد فیزیکی)
current,doc-mechanism-mech-antacids,en,Antacids & Alginate Barrier (Direct Acid Neutralisation),single-unit,True,True,Antacids & Alginate Barrier (Direct Acid Neutralisation)
current,doc-mechanism-mech-nrt,fa,آگونیست گیرنده‌های نیکوتینی nAChR (درمان جایگزین نیکوتین NRT),single-unit,True,True,آگونیست گیرنده‌های نیکوتینی nAChR (درمان جایگزین نیکوتین NRT)
current,doc-mechanism-mech-nrt,en,Nicotinic Acetylcholine Receptor Agonists (NRT),single-unit,True,True,Nicotinic Acetylcholine Receptor Agonists (NRT)
current,doc-mechanism-mech-acei,fa,مهارکننده‌های آنزیم مبدل آنژیوتانسین (ACE Inhibitors),single-unit,True,True,مهارکننده‌های آنزیم مبدل آنژیوتانسین (ACE Inhibitors)
current,doc-mechanism-mech-acei,en,Angiotensin Converting Enzyme Inhibitors (ACEIs),single-unit,True,True,Angiotensin Converting Enzyme Inhibitors (ACEIs)
current,doc-mechanism-mech-arb,fa,آنتاگونیست‌های گیرنده آنژیوتانسین II (ARBs),single-unit,True,True,آنتاگونیست‌های گیرنده آنژیوتانسین II (ARBs)
current,doc-mechanism-mech-arb,en,Angiotensin II Receptor Blockers (ARBs),single-unit,True,True,Angiotensin II Receptor Blockers (ARBs)
current,doc-mechanism-mech-dhp-ccb,fa,مسدودکننده‌های کانال کلسیم دی‌هیدروپیریدینی (DHP-CCBs),single-unit,True,True,مسدودکننده‌های کانال کلسیم دی‌هیدروپیریدینی (DHP-CCBs)
current,doc-mechanism-mech-dhp-ccb,en,Dihydropyridine Calcium Channel Blockers (DHP-CCBs),single-unit,True,True,Dihydropyridine Calcium Channel Blockers (DHP-CCBs)
current,doc-mechanism-mech-non-dhp-ccb,fa,مسدودکننده‌های کانال کلسیم غیر دی‌هیدروپیریدینی (Non-DHP CCBs),single-unit,True,True,مسدودکننده‌های کانال کلسیم غیر دی‌هیدروپیریدینی (Non-DHP CCBs)
current,doc-mechanism-mech-non-dhp-ccb,en,Non-Dihydropyridine Calcium Channel Blockers,single-unit,True,True,Non-Dihydropyridine Calcium Channel Blockers
current,doc-mechanism-mech-alpha-beta-blocker,fa,مسدودکننده‌های همزمان گیرنده آلفا و بتا (Combined Alpha/Beta Blockers),single-unit,True,True,مسدودکننده‌های همزمان گیرنده آلفا و بتا (Combined Alpha/Beta Blockers)
current,doc-mechanism-mech-alpha-beta-blocker,en,Combined Alpha-1 and Beta-Adrenoceptor Antagonists,single-unit,True,True,Combined Alpha-1 and Beta-Adrenoceptor Antagonists
current,doc-mechanism-mech-mra,fa,آنتاگونیست‌های گیرنده مینرالوکورتیکوئید (MRA / دیورتیک نگه‌دارنده پتاسیم),single-unit,True,True,آنتاگونیست‌های گیرنده مینرالوکورتیکوئید (MRA / دیورتیک نگه‌دارنده پتاسیم)
current,doc-mechanism-mech-mra,en,Mineralocorticoid (Aldosterone) Receptor Antagonists (MRAs),single-unit,True,True,Mineralocorticoid (Aldosterone) Receptor Antagonists (MRAs)
current,doc-mechanism-mech-vka,fa,آنتاگونیست‌های ویتامین K (وارفارین),single-unit,True,True,آنتاگونیست‌های ویتامین K (وارفارین)
current,doc-mechanism-mech-vka,en,Vitamin K Antagonists (Warfarin),single-unit,True,True,Vitamin K Antagonists (Warfarin)
current,doc-mechanism-mech-p2y12,fa,مهارکننده‌های گیرنده P2Y12 پلاکت (کلوپیدوگرل),single-unit,True,True,مهارکننده‌های گیرنده P2Y12 پلاکت (کلوپیدوگرل)
current,doc-mechanism-mech-p2y12,en,Platelet P2Y12 Receptor Antagonists (Thienopyridines),single-unit,True,True,Platelet P2Y12 Receptor Antagonists (Thienopyridines)
current,doc-mechanism-mech-doac-thrombin,fa,مهارکننده‌های مستقیم ترومبین (دابیگاتران / DOAC),single-unit,True,True,مهارکننده‌های مستقیم ترومبین (دابیگاتران / DOAC)
current,doc-mechanism-mech-doac-thrombin,en,Direct Thrombin Inhibitors (DTI / DOAC),single-unit,True,True,Direct Thrombin Inhibitors (DTI / DOAC)
current,doc-mechanism-mech-ssri,fa,مهارکننده‌های انتخابی بازجذب سروتونین (SSRIs),single-unit,True,True,مهارکننده‌های انتخابی بازجذب سروتونین (SSRIs)
current,doc-mechanism-mech-ssri,en,Selective Serotonin Reuptake Inhibitors (SSRIs),single-unit,True,True,Selective Serotonin Reuptake Inhibitors (SSRIs)
current,doc-mechanism-mech-lithium,fa,نمک‌های لیتیوم (تثبیت‌کننده خلق / مهار اینوزیتول مونوفسفاتاز),single-unit,True,True,نمک‌های لیتیوم (تثبیت‌کننده خلق / مهار اینوزیتول مونوفسفاتاز)
current,doc-mechanism-mech-lithium,en,Lithium Salts (Mood Stabilizer),single-unit,True,True,Lithium Salts (Mood Stabilizer)
current,doc-mechanism-mech-valproate,fa,سدیم والپروات (تقویت GABA و مهار کانال‌های سدیمی/کلسیمی),single-unit,True,True,سدیم والپروات (تقویت GABA و مهار کانال‌های سدیمی/کلسیمی)
current,doc-mechanism-mech-valproate,en,Sodium Valproate (GABA Enhancer & Ion Channel Blocker),single-unit,True,True,Sodium Valproate (GABA Enhancer & Ion Channel Blocker)
current,doc-mechanism-mech-atypical-antipsychotic,fa,آنتی‌سایکوتیک‌های آتیپیک (کلوزاپین / آنتاگونیست D4 و 5-HT2A),single-unit,True,True,آنتی‌سایکوتیک‌های آتیپیک (کلوزاپین / آنتاگونیست D4 و 5-HT2A)
current,doc-mechanism-mech-atypical-antipsychotic,en,Atypical Antipsychotics (Clozapine),single-unit,True,True,Atypical Antipsychotics (Clozapine)
current,doc-mechanism-mech-levothyroxine,fa,لووتیروکسین سدیم (هورمون تیروئیدی صناعی T4),single-unit,True,True,لووتیروکسین سدیم (هورمون تیروئیدی صناعی T4)
current,doc-mechanism-mech-levothyroxine,en,Levothyroxine Sodium (Synthetic Thyroid Hormone T4),single-unit,True,True,Levothyroxine Sodium (Synthetic Thyroid Hormone T4)
current,doc-mechanism-mech-metformin,fa,بی‌گوانیدها (متفورمین / فعال‌کننده AMPK کبدی),single-unit,True,True,بی‌گوانیدها (متفورمین / فعال‌کننده AMPK کبدی)
current,doc-mechanism-mech-metformin,en,Biguanides (Metformin / Hepatic AMPK Activator),single-unit,True,True,Biguanides (Metformin / Hepatic AMPK Activator)
current,doc-mechanism-mech-bisphosphonates,fa,بیس‌فسفونات‌ها (مهارکننده فارنسیل پیروفسفات سنتاز / ضدتحلیل استخوان),single-unit,True,True,بیس‌فسفونات‌ها (مهارکننده فارنسیل پیروفسفات سنتاز / ضدتحلیل استخوان)
current,doc-mechanism-mech-bisphosphonates,en,Bisphosphonates (FPPS Inhibitors / Antiresorptive),single-unit,True,True,Bisphosphonates (FPPS Inhibitors / Antiresorptive)
current,doc-mechanism-mech-systemic-steroid,fa,کورتیکواستروئیدهای سیستمیک (پردنیزولون),single-unit,True,True,کورتیکواستروئیدهای سیستمیک (پردنیزولون)
current,doc-mechanism-mech-systemic-steroid,en,Systemic Glucocorticoids (Prednisolone),single-unit,True,True,Systemic Glucocorticoids (Prednisolone)
current,doc-mechanism-mech-isoxazolyl-penicillin,fa,پنی‌سیلین‌های ضد استافیلوکوک (فلوکلوگزاسیلین),single-unit,True,True,پنی‌سیلین‌های ضد استافیلوکوک (فلوکلوگزاسیلین)
current,doc-mechanism-mech-isoxazolyl-penicillin,en,Anti-Staphylococcal Penicillins (Flucloxacillin),single-unit,True,True,Anti-Staphylococcal Penicillins (Flucloxacillin)
current,doc-mechanism-mech-glycopeptide,fa,گلیکوپپتیدها (ونکومایسین / مهار D-Ala-D-Ala دیواره باکتری),single-unit,True,True,گلیکوپپتیدها (ونکومایسین / مهار D-Ala-D-Ala دیواره باکتری)
current,doc-mechanism-mech-glycopeptide,en,Glycopeptides (Vancomycin),single-unit,True,True,Glycopeptides (Vancomycin)
current,doc-mechanism-mech-aminoglycoside,fa,آمینوگلیکوزیدها (جنتامایسین / مهار زیرواحد 30S ریبوزوم باکتری),single-unit,True,True,آمینوگلیکوزیدها (جنتامایسین / مهار زیرواحد 30S ریبوزوم باکتری)
current,doc-mechanism-mech-aminoglycoside,en,Aminoglycosides (Gentamicin),single-unit,True,True,Aminoglycosides (Gentamicin)
current,doc-mechanism-mech-fluoroquinolone,fa,فلوروکینولون‌ها (سیپروفلوکساسین / مهار DNA جیراز و توپوایزومراز IV),single-unit,True,True,فلوروکینولون‌ها (سیپروفلوکساسین / مهار DNA جیراز و توپوایزومراز IV)
current,doc-mechanism-mech-fluoroquinolone,en,Fluoroquinolones (Ciprofloxacin),single-unit,True,True,Fluoroquinolones (Ciprofloxacin)
current,doc-mechanism-mech-nitroimidazole,fa,نیتروایمیدازول‌ها (مترونیدازول / تخریب ساختار DNA بی‌هوازی‌ها),single-unit,True,True,نیتروایمیدازول‌ها (مترونیدازول / تخریب ساختار DNA بی‌هوازی‌ها)
current,doc-mechanism-mech-nitroimidazole,en,Nitroimidazoles (Metronidazole),single-unit,True,True,Nitroimidazoles (Metronidazole)
current,doc-mechanism-mech-barbiturate,fa,باربیتورات‌ها (تیوپنتال / مدولاتور آلوستریک GABAA),single-unit,True,True,باربیتورات‌ها (تیوپنتال / مدولاتور آلوستریک GABAA)
current,doc-mechanism-mech-barbiturate,en,Barbiturates (Thiopental Sodium),single-unit,True,True,Barbiturates (Thiopental Sodium)
current,doc-mechanism-mech-antiarrhythmic-class3,fa,ضد آریتمی‌های کلاس III (آمیودارون / مسدودکننده کانال‌های پتاسیمی),single-unit,True,True,ضد آریتمی‌های کلاس III (آمیودارون / مسدودکننده کانال‌های پتاسیمی)
current,doc-mechanism-mech-antiarrhythmic-class3,en,Class III Antiarrhythmics (Amiodarone),single-unit,True,True,Class III Antiarrhythmics (Amiodarone)
current,doc-mechanism-mech-dhfr-inhibitor,fa,مهارکننده‌های دی‌هیدروفولات ردوکتاز (متوترکسات / ضد اسید فولیک),single-unit,True,True,مهارکننده‌های دی‌هیدروفولات ردوکتاز (متوترکسات / ضد اسید فولیک)
current,doc-mechanism-mech-dhfr-inhibitor,en,Dihydrofolate Reductase Inhibitors (Methotrexate / DMARD),single-unit,True,True,Dihydrofolate Reductase Inhibitors (Methotrexate / DMARD)
current,doc-mechanism-mech-progestin-contraceptive,fa,پروژستین‌های ضدبارداری (لوونورژسترل / پیشگیری اضطراری),single-unit,True,True,پروژستین‌های ضدبارداری (لوونورژسترل / پیشگیری اضطراری)
current,doc-mechanism-mech-progestin-contraceptive,en,Progestin Contraceptives (Levonorgestrel / EHC),single-unit,True,True,Progestin Contraceptives (Levonorgestrel / EHC)
current,doc-mechanism-mech-sprm,fa,تعدیل‌کننده‌های انتخابی گیرنده پروژسترون (یولی‌پریستال / EllaOne),single-unit,True,True,تعدیل‌کننده‌های انتخابی گیرنده پروژسترون (یولی‌پریستال / EllaOne)
current,doc-mechanism-mech-sprm,en,Selective Progesterone Receptor Modulators (SPRM / Ulipristal),single-unit,True,True,Selective Progesterone Receptor Modulators (SPRM / Ulipristal)
current,doc-mechanism-mech-pgas,fa,آنالوگ‌های پروستاگلاندین چشمی (لاتانوپروست / کاهش فشار چشم),single-unit,True,True,آنالوگ‌های پروستاگلاندین چشمی (لاتانوپروست / کاهش فشار چشم)
current,doc-mechanism-mech-pgas,en,Ophthalmic Prostaglandin F2α Analogues (Latanoprost),single-unit,True,True,Ophthalmic Prostaglandin F2α Analogues (Latanoprost)
current,doc-mechanism-mech-ocular-beta-blocker,fa,بتابلوکرهای موضعی چشمی (تیمولول),single-unit,True,True,بتابلوکرهای موضعی چشمی (تیمولول)
current,doc-mechanism-mech-ocular-beta-blocker,en,Ophthalmic Beta-Adrenoceptor Antagonists (Timolol),single-unit,True,True,Ophthalmic Beta-Adrenoceptor Antagonists (Timolol)
current,doc-mechanism-mech-ics-laba,fa,ترکیب کورتیکواستروئید استنشاقی و برونکودیلاتور طولانی‌اثر (ICS / LABA),single-unit,True,True,ترکیب کورتیکواستروئید استنشاقی و برونکودیلاتور طولانی‌اثر (ICS / LABA)
current,doc-mechanism-mech-ics-laba,en,Inhaled Corticosteroid & Long-Acting Beta-2 Agonist (ICS/LABA),single-unit,True,True,Inhaled Corticosteroid & Long-Acting Beta-2 Agonist (ICS/LABA)
current,doc-mechanism-mech-laba,fa,آگونیست‌های بتا-۲ طولانی‌اثر (LABA),single-unit,True,True,آگونیست‌های بتا-۲ طولانی‌اثر (LABA)
current,doc-mechanism-mech-laba,en,Long-Acting Beta-2 Agonists (LABA),single-unit,True,True,Long-Acting Beta-2 Agonists (LABA)
current,doc-mechanism-mech-nitrates,fa,نیترات‌های آلی (گلیسریل تری‌نیترات / نیتروگلیسیرین),single-unit,True,True,نیترات‌های آلی (گلیسریل تری‌نیترات / نیتروگلیسیرین)
current,doc-mechanism-mech-nitrates,en,Organic Nitrates (Glyceryl Trinitrate / GTN),single-unit,True,True,Organic Nitrates (Glyceryl Trinitrate / GTN)
current,doc-mechanism-mech-antitussive,fa,ضدسرفه‌های مرکزی (دکسترومتورفان),single-unit,True,True,ضدسرفه‌های مرکزی (دکسترومتورفان)
current,doc-mechanism-mech-antitussive,en,Central Antitussives (Dextromethorphan),single-unit,True,True,Central Antitussives (Dextromethorphan)
current,doc-mechanism-mech-stool-softener,fa,نرم‌کننده‌های مدفوع و سرومنولیتیک (دوکوزات سدیم),single-unit,True,True,نرم‌کننده‌های مدفوع و سرومنولیتیک (دوکوزات سدیم)
current,doc-mechanism-mech-stool-softener,en,Stool Softeners & Cerumenolytics (Docusate Sodium),single-unit,True,True,Stool Softeners & Cerumenolytics (Docusate Sodium)
current,doc-mechanism-mech-zoster-vaccine,fa,واکسن نوترکیب زیرواحد زوستر (Shingrix / ادجوانت AS01B),single-unit,True,True,واکسن نوترکیب زیرواحد زوستر (Shingrix / ادجوانت AS01B)
current,doc-mechanism-mech-zoster-vaccine,en,Recombinant Varicella Zoster Subunit Vaccine,single-unit,True,True,Recombinant Varicella Zoster Subunit Vaccine
current,doc-mechanism-mech-iron,fa,املاح آهن و کمپلکس پلی‌مالتوز (خون‌ساز / درمان کم‌خونی),single-unit,True,True,املاح آهن و کمپلکس پلی‌مالتوز (خون‌ساز / درمان کم‌خونی)
current,doc-mechanism-mech-iron,en,Oral Iron Salts & Iron Polymaltose Complex (Hematinic),single-unit,True,True,Oral Iron Salts & Iron Polymaltose Complex (Hematinic)
current,doc-mechanism-mech-magnesium,fa,یون منیزیم و کلات‌های آمینواسیدی (کوفاکتور آنزیمی و شل‌کننده عضلانی),single-unit,True,True,یون منیزیم و کلات‌های آمینواسیدی (کوفاکتور آنزیمی و شل‌کننده عضلانی)
current,doc-mechanism-mech-magnesium,en,Magnesium Amino Acid Chelates (Enzyme Cofactor),single-unit,True,True,Magnesium Amino Acid Chelates (Enzyme Cofactor)
current,doc-mechanism-mech-vitamins-d-b12,fa,ویتامین‌های D3 و B12 (تنظیم هومئوستاز کلسیم و متیلاسیون سلولی),single-unit,True,True,ویتامین‌های D3 و B12 (تنظیم هومئوستاز کلسیم و متیلاسیون سلولی)
current,doc-mechanism-mech-vitamins-d-b12,en,Vitamins D3 & B12 (Cellular Cofactors),single-unit,True,True,Vitamins D3 & B12 (Cellular Cofactors)
current,doc-mechanism-mech-folate,fa,اسید فولیک (ویتامین B9 / کوفاکتور سنتز DNA و تکثیر سلولی),single-unit,True,True,اسید فولیک (ویتامین B9 / کوفاکتور سنتز DNA و تکثیر سلولی)
current,doc-mechanism-mech-folate,en,Folic Acid (Vitamin B9 / DNA Synthesis Cofactor),single-unit,True,True,Folic Acid (Vitamin B9 / DNA Synthesis Cofactor)
current,doc-mechanism-mech-st-johns-wort,fa,عصاره علف چای (هایپرفورین / هایپریسین / مهار بازجذب منوآمین‌ها),single-unit,True,True,عصاره علف چای (هایپرفورین / هایپریسین / مهار بازجذب منوآمین‌ها)
current,doc-mechanism-mech-st-johns-wort,en,St John’s Wort Extract (Hypericum perforatum),single-unit,True,True,St John’s Wort Extract (Hypericum perforatum)
current,doc-mechanism-mech-ginkgo,fa,عصاره برگ جینکو بیلوبا (EGb 761 / مهار PAF و آنتی‌اکسیدان),single-unit,True,True,عصاره برگ جینکو بیلوبا (EGb 761 / مهار PAF و آنتی‌اکسیدان)
current,doc-mechanism-mech-ginkgo,en,Ginkgo Biloba Extract (EGb 761),single-unit,True,True,Ginkgo Biloba Extract (EGb 761)
current,doc-mechanism-mech-cranberry,fa,پروآنتوسیانیدین‌های عصاره کرنبری (PAC-A / ضدچسبندگی باکتری به مثانه),single-unit,True,True,پروآنتوسیانیدین‌های عصاره کرنبری (PAC-A / ضدچسبندگی باکتری به مثانه)
current,doc-mechanism-mech-cranberry,en,Cranberry Proanthocyanidins (PAC Type-A / Anti-Adhesion),single-unit,True,True,Cranberry Proanthocyanidins (PAC Type-A / Anti-Adhesion)
current,doc-mechanism-mech-probiotics,fa,پروبیوتیک‌ها (لاکتوباسیلوس و بیفیدوباکتریوم / ترمیم فلور میکروبی),single-unit,True,True,پروبیوتیک‌ها (لاکتوباسیلوس و بیفیدوباکتریوم / ترمیم فلور میکروبی)
current,doc-mechanism-mech-probiotics,en,Probiotics (Lactobacillus & Bifidobacterium),single-unit,True,True,Probiotics (Lactobacillus & Bifidobacterium)
current,doc-mechanism-mech-glucosamine,fa,گلوکوزآمین سولفات (پیش‌ساز سنتز گلیکوزآمینوگلیکان‌های غضروف),single-unit,True,True,گلوکوزآمین سولفات (پیش‌ساز سنتز گلیکوزآمینوگلیکان‌های غضروف)
current,doc-mechanism-mech-glucosamine,en,Glucosamine Sulfate (Cartilage Matrix Precursor),single-unit,True,True,Glucosamine Sulfate (Cartilage Matrix Precursor)
current,doc-mechanism-mech-minoxidil,fa,ماینوکسیدیل موضعی ۵٪ (بازکننده کانال پتاسیم / محرک رشد مو),single-unit,True,True,ماینوکسیدیل موضعی ۵٪ (بازکننده کانال پتاسیم / محرک رشد مو)
current,doc-mechanism-mech-minoxidil,en,Topical Minoxidil (KATP Channel Opener / Hair Stimulator),single-unit,True,True,Topical Minoxidil (KATP Channel Opener / Hair Stimulator)
current,doc-mechanism-mech-chloramphenicol,fa,کلرامفنیکل چشمی (مهارکننده سنتز پروتئین باکتری / اتصال به 50S),single-unit,True,True,کلرامفنیکل چشمی (مهارکننده سنتز پروتئین باکتری / اتصال به 50S)
current,doc-mechanism-mech-chloramphenicol,en,Ophthalmic Chloramphenicol (50S Ribosomal Inhibitor),single-unit,True,True,Ophthalmic Chloramphenicol (50S Ribosomal Inhibitor)
current,doc-mechanism-mech-naloxone,fa,نالوکسان هیدروکلراید (آنتاگونیست خالص گیرنده‌های مو-اپیوئید / پادزهر اورژانس),single-unit,True,True,نالوکسان هیدروکلراید (آنتاگونیست خالص گیرنده‌های مو-اپیوئید / پادزهر اورژانس)
current,doc-mechanism-mech-naloxone,en,Naloxone Hydrochloride (Pure Opioid Antagonist / Emergency Antidote),single-unit,True,True,Naloxone Hydrochloride (Pure Opioid Antagonist / Emergency Antidote)
current,doc-mechanism-mech-glucagon-antidote,fa,گلوکاگون تزریقی (پادزهر مسمومیت بتابلوکرها و CCB / افزایش cAMP مستقل از بتا),single-unit,True,True,گلوکاگون تزریقی (پادزهر مسمومیت بتابلوکرها و CCB / افزایش cAMP مستقل از بتا)
current,doc-mechanism-mech-glucagon-antidote,en,Glucagon (Beta-Blocker / CCB Toxicity Antidote),single-unit,True,True,Glucagon (Beta-Blocker / CCB Toxicity Antidote)
current,doc-mechanism-mech-bicarbonate-alkalinisation,fa,بی‌کربنات سدیم (قلیایی‌سازی ادرار و پلاسما / به دام انداختن یونی سالیسیلات‌ها),single-unit,True,True,بی‌کربنات سدیم (قلیایی‌سازی ادرار و پلاسما / به دام انداختن یونی سالیسیلات‌ها)
current,doc-mechanism-mech-bicarbonate-alkalinisation,en,Sodium Bicarbonate (Urinary Alkalinisation & Ion Trapping),single-unit,True,True,Sodium Bicarbonate (Urinary Alkalinisation & Ion Trapping)
current,doc-mechanism-mech-emollient,fa,امولینت‌ها و سرامیدها (سد محافظ چربی و ترمیم هیدراتاسیون پوست),single-unit,True,True,امولینت‌ها و سرامیدها (سد محافظ چربی و ترمیم هیدراتاسیون پوست)
current,doc-mechanism-mech-emollient,en,Emollients & Barrier Repair Lipids (Ceramides / Glycerol),single-unit,True,True,Emollients & Barrier Repair Lipids (Ceramides / Glycerol)
current,doc-mechanism-mech-sunscreen,fa,فیلترهای ضدآفتاب وسیع‌الطیف SPF 50+ (جذب و بازتاب اشعه‌های UV-A و UV-B),single-unit,True,True,فیلترهای ضدآفتاب وسیع‌الطیف SPF 50+ (جذب و بازتاب اشعه‌های UV-A و UV-B)
current,doc-mechanism-mech-sunscreen,en,Broad-Spectrum Therapeutic Sunscreen SPF 50+,single-unit,True,True,Broad-Spectrum Therapeutic Sunscreen SPF 50+
current,doc-core-disease-dis-asthma,fa,آسم و اسپاسم برونش (Asthma & Bronchospasm),source-topics,True,True,آسم و اسپاسم برونش (Asthma & Bronchospasm) | شناسه | شناسهٔ دسته‌بندی | نام | نام‌ها و کلیدواژه‌های مرتبط | نمای کلی | پاتوفیزیولوژی و نشانه‌ها | درمان | دستورالعمل و مشاوره | علائم هشدار | داروها | مراقبت غیردارویی | نکات بالینی | محصولات مرتبط
current,doc-core-disease-dis-asthma,en,Asthma & Airway Hyper-responsiveness,source-topics,True,True,Asthma & Airway Hyper-responsiveness | ID | Category ID | Name | Related names and keywords | Overview | Pathophysiology & symptoms | Treatment | Instructions & counselling | Red flags | Medicines | Non-pharmacological advice | Clinical notes | Related shelf products
current,doc-core-disease-dis-copd,fa,بیماری انسدادی مزمن ریه (COPD),source-topics,True,True,بیماری انسدادی مزمن ریه (COPD) | شناسه | شناسهٔ دسته‌بندی | نام | نام‌ها و کلیدواژه‌های مرتبط | نمای کلی | پاتوفیزیولوژی و نشانه‌ها | درمان | دستورالعمل و مشاوره | علائم هشدار | داروها | مراقبت غیردارویی | نکات بالینی | محصولات مرتبط
current,doc-core-disease-dis-copd,en,Chronic Obstructive Pulmonary Disease (COPD),source-topics,True,True,Chronic Obstructive Pulmonary Disease (COPD) | ID | Category ID | Name | Related names and keywords | Overview | Pathophysiology & symptoms | Treatment | Instructions & counselling | Red flags | Medicines | Non-pharmacological advice | Clinical notes | Related shelf products
current,doc-core-disease-dis-hypertension,fa,فشار خون بالا (Essential Hypertension),source-topics,True,True,فشار خون بالا (Essential Hypertension) | شناسه | شناسهٔ دسته‌بندی | نام | نام‌ها و کلیدواژه‌های مرتبط | نمای کلی | پاتوفیزیولوژی و نشانه‌ها | درمان | دستورالعمل و مشاوره | علائم هشدار | داروها | مراقبت غیردارویی | نکات بالینی
current,doc-core-disease-dis-hypertension,en,Essential Hypertension & BP Management,source-topics,True,True,Essential Hypertension & BP Management | ID | Category ID | Name | Related names and keywords | Overview | Pathophysiology & symptoms | Treatment | Instructions & counselling | Red flags | Medicines | Non-pharmacological advice | Clinical notes
current,doc-core-disease-dis-heart-failure,fa,نارسایی احتقانی قلب (Heart Failure & HFrEF),source-topics,True,True,نارسایی احتقانی قلب (Heart Failure & HFrEF) | شناسه | شناسهٔ دسته‌بندی | نام | نام‌ها و کلیدواژه‌های مرتبط | نمای کلی | پاتوفیزیولوژی و نشانه‌ها | درمان | دستورالعمل و مشاوره | علائم هشدار | داروها | مراقبت غیردارویی | نکات بالینی
current,doc-core-disease-dis-heart-failure,en,Congestive Heart Failure (HFrEF & HFpEF),source-topics,True,True,Congestive Heart Failure (HFrEF & HFpEF) | ID | Category ID | Name | Related names and keywords | Overview | Pathophysiology & symptoms | Treatment | Instructions & counselling | Red flags | Medicines | Non-pharmacological advice | Clinical notes
current,doc-core-disease-dis-atrial-fibrillation,fa,فیبریلاسیون دهلیزی و پیشگیری از لخته (Atrial Fibrillation),source-topics,True,True,فیبریلاسیون دهلیزی و پیشگیری از لخته (Atrial Fibrillation) | شناسه | شناسهٔ دسته‌بندی | نام | نام‌ها و کلیدواژه‌های مرتبط | نمای کلی | پاتوفیزیولوژی و نشانه‌ها | درمان | دستورالعمل و مشاوره | علائم هشدار | داروها | مراقبت غیردارویی | نکات بالینی
current,doc-core-disease-dis-atrial-fibrillation,en,Atrial Fibrillation & Anticoagulation Prophylaxis,source-topics,True,True,Atrial Fibrillation & Anticoagulation Prophylaxis | ID | Category ID | Name | Related names and keywords | Overview | Pathophysiology & symptoms | Treatment | Instructions & counselling | Red flags | Medicines | Non-pharmacological advice | Clinical notes
current,doc-core-disease-dis-dyslipidemia,fa,اختلالات چربی خون و هیپرکلسترولمی (Dyslipidemia & Hypercholesterolemia),source-topics,True,True,اختلالات چربی خون و هیپرکلسترولمی (Dyslipidemia & Hypercholesterolemia) | شناسه | شناسهٔ دسته‌بندی | نام | نام‌ها و کلیدواژه‌های مرتبط | نمای کلی | پاتوفیزیولوژی و نشانه‌ها | درمان | دستورالعمل و مشاوره | علائم هشدار | داروها | مراقبت غیردارویی | نکات بالینی
current,doc-core-disease-dis-dyslipidemia,en,"Dyslipidemia, Hypercholesterolemia & CVD Prevention",source-topics,True,True,"Dyslipidemia, Hypercholesterolemia & CVD Prevention | ID | Category ID | Name | Related names and keywords | Overview | Pathophysiology & symptoms | Treatment | Instructions & counselling | Red flags | Medicines | Non-pharmacological advice | Clinical notes"
current,doc-core-disease-dis-diabetes-t2,fa,دیابت نوع ۲ (Type 2 Diabetes Mellitus),source-topics,True,True,دیابت نوع ۲ (Type 2 Diabetes Mellitus) | شناسه | شناسهٔ دسته‌بندی | نام | نام‌ها و کلیدواژه‌های مرتبط | نمای کلی | پاتوفیزیولوژی و نشانه‌ها | درمان | دستورالعمل و مشاوره | علائم هشدار | داروها | مراقبت غیردارویی | نکات بالینی
current,doc-core-disease-dis-diabetes-t2,en,Type 2 Diabetes Mellitus & Glycemic Control,source-topics,True,True,Type 2 Diabetes Mellitus & Glycemic Control | ID | Category ID | Name | Related names and keywords | Overview | Pathophysiology & symptoms | Treatment | Instructions & counselling | Red flags | Medicines | Non-pharmacological advice | Clinical notes
current,doc-core-disease-dis-hypothyroidism,fa,کم‌کاری تیروئید (Hypothyroidism & Hashimoto’s),source-topics,True,True,کم‌کاری تیروئید (Hypothyroidism & Hashimoto’s) | شناسه | شناسهٔ دسته‌بندی | نام | نام‌ها و کلیدواژه‌های مرتبط | نمای کلی | پاتوفیزیولوژی و نشانه‌ها | درمان | دستورالعمل و مشاوره | علائم هشدار | داروها | مراقبت غیردارویی | نکات بالینی
current,doc-core-disease-dis-hypothyroidism,en,"Hypothyroidism, Hashimoto’s & Thyroid Replacement",source-topics,True,True,"Hypothyroidism, Hashimoto’s & Thyroid Replacement | ID | Category ID | Name | Related names and keywords | Overview | Pathophysiology & symptoms | Treatment | Instructions & counselling | Red flags | Medicines | Non-pharmacological advice | Clinical notes"
current,doc-core-disease-dis-migraine,fa,میگرن و سردردهای عروقی (Migraine & Vascular Headache),source-topics,True,True,میگرن و سردردهای عروقی (Migraine & Vascular Headache) | شناسه | شناسهٔ دسته‌بندی | نام | نام‌ها و کلیدواژه‌های مرتبط | نمای کلی | پاتوفیزیولوژی و نشانه‌ها | درمان | دستورالعمل و مشاوره | علائم هشدار | داروها | مراقبت غیردارویی | نکات بالینی
current,doc-core-disease-dis-migraine,en,"Migraine, Aura & Acute Cephalea",source-topics,True,True,"Migraine, Aura & Acute Cephalea | ID | Category ID | Name | Related names and keywords | Overview | Pathophysiology & symptoms | Treatment | Instructions & counselling | Red flags | Medicines | Non-pharmacological advice | Clinical notes"
current,doc-core-disease-dis-gout,fa,نقرس و آرتریت حاد نقرسی (Gout & Acute Hyperuricemia),source-topics,True,True,نقرس و آرتریت حاد نقرسی (Gout & Acute Hyperuricemia) | شناسه | شناسهٔ دسته‌بندی | نام | نام‌ها و کلیدواژه‌های مرتبط | نمای کلی | پاتوفیزیولوژی و نشانه‌ها | درمان | دستورالعمل و مشاوره | علائم هشدار | داروها | مراقبت غیردارویی | نکات بالینی
current,doc-core-disease-dis-gout,en,"Gout, Hyperuricemia & Crystal Arthritis",source-topics,True,True,"Gout, Hyperuricemia & Crystal Arthritis | ID | Category ID | Name | Related names and keywords | Overview | Pathophysiology & symptoms | Treatment | Instructions & counselling | Red flags | Medicines | Non-pharmacological advice | Clinical notes"
current,doc-core-disease-dis-soft-tissue-injury,fa,آسیب بافت نرم و پیچ‌خوردگی مفصل (Soft Tissue Injury & Sprain),source-topics,True,True,آسیب بافت نرم و پیچ‌خوردگی مفصل (Soft Tissue Injury & Sprain) | شناسه | شناسهٔ دسته‌بندی | نام | نام‌ها و کلیدواژه‌های مرتبط | نمای کلی | پاتوفیزیولوژی و نشانه‌ها | درمان | دستورالعمل و مشاوره | علائم هشدار | داروها | مراقبت غیردارویی | نکات بالینی | محصولات مرتبط
current,doc-core-disease-dis-soft-tissue-injury,en,"Soft Tissue Injury, Sprains & Strains (RICER Protocol)",source-topics,True,True,"Soft Tissue Injury, Sprains & Strains (RICER Protocol) | ID | Category ID | Name | Related names and keywords | Overview | Pathophysiology & symptoms | Treatment | Instructions & counselling | Red flags | Medicines | Non-pharmacological advice | Clinical notes | Related shelf products"
current,doc-core-disease-dis-osteoporosis,fa,پوکی استخوان و پیشگیری از شکستگی (Osteoporosis & Bone Density),source-topics,True,True,پوکی استخوان و پیشگیری از شکستگی (Osteoporosis & Bone Density) | شناسه | شناسهٔ دسته‌بندی | نام | نام‌ها و کلیدواژه‌های مرتبط | نمای کلی | پاتوفیزیولوژی و نشانه‌ها | درمان | دستورالعمل و مشاوره | علائم هشدار | داروها | مراقبت غیردارویی | نکات بالینی
current,doc-core-disease-dis-osteoporosis,en,"Osteoporosis, Fragility Fractures & Bone Health",source-topics,True,True,"Osteoporosis, Fragility Fractures & Bone Health | ID | Category ID | Name | Related names and keywords | Overview | Pathophysiology & symptoms | Treatment | Instructions & counselling | Red flags | Medicines | Non-pharmacological advice | Clinical notes"
current,doc-core-disease-dis-depression-anxiety,fa,اختلالات افسردگی و اضطراب فراگیر (Depression & Generalized Anxiety),source-topics,True,True,اختلالات افسردگی و اضطراب فراگیر (Depression & Generalized Anxiety) | شناسه | شناسهٔ دسته‌بندی | نام | نام‌ها و کلیدواژه‌های مرتبط | نمای کلی | پاتوفیزیولوژی و نشانه‌ها | درمان | دستورالعمل و مشاوره | علائم هشدار | داروها | مراقبت غیردارویی | نکات بالینی
current,doc-core-disease-dis-depression-anxiety,en,Major Depressive Disorder & Generalized Anxiety (MDD & GAD),source-topics,True,True,Major Depressive Disorder & Generalized Anxiety (MDD & GAD) | ID | Category ID | Name | Related names and keywords | Overview | Pathophysiology & symptoms | Treatment | Instructions & counselling | Red flags | Medicines | Non-pharmacological advice | Clinical notes
current,doc-core-disease-dis-insomnia,fa,بی‌خوابی و اختلالات خواب (Insomnia & Sleep Disturbances),source-topics,True,True,بی‌خوابی و اختلالات خواب (Insomnia & Sleep Disturbances) | شناسه | شناسهٔ دسته‌بندی | نام | نام‌ها و کلیدواژه‌های مرتبط | نمای کلی | پاتوفیزیولوژی و نشانه‌ها | درمان | دستورالعمل و مشاوره | علائم هشدار | داروها | مراقبت غیردارویی | نکات بالینی
current,doc-core-disease-dis-insomnia,en,"Insomnia, Circadian Rhythm Disorders & Sleep Hygiene",source-topics,True,True,"Insomnia, Circadian Rhythm Disorders & Sleep Hygiene | ID | Category ID | Name | Related names and keywords | Overview | Pathophysiology & symptoms | Treatment | Instructions & counselling | Red flags | Medicines | Non-pharmacological advice | Clinical notes"
current,doc-core-disease-dis-neuropathic-pain,fa,دردهای نوروپاتیک و نوروپاتی محیطی (Neuropathic Pain & Neuralgia),source-topics,True,True,دردهای نوروپاتیک و نوروپاتی محیطی (Neuropathic Pain & Neuralgia) | شناسه | شناسهٔ دسته‌بندی | نام | نام‌ها و کلیدواژه‌های مرتبط | نمای کلی | پاتوفیزیولوژی و نشانه‌ها | درمان | دستورالعمل و مشاوره | علائم هشدار | داروها | مراقبت غیردارویی | نکات بالینی
current,doc-core-disease-dis-neuropathic-pain,en,"Neuropathic Pain, Post-Herpetic Neuralgia & Sciatica",source-topics,True,True,"Neuropathic Pain, Post-Herpetic Neuralgia & Sciatica | ID | Category ID | Name | Related names and keywords | Overview | Pathophysiology & symptoms | Treatment | Instructions & counselling | Red flags | Medicines | Non-pharmacological advice | Clinical notes"
current,doc-clinical-domain-cat-1,fa,مراقبت‌های اولیه، داروهای بدون نسخه و کمک‌های اولیه,source-topics,True,True,مراقبت‌های اولیه، داروهای بدون نسخه و کمک‌های اولیه | شناسه | عنوان | برچسب | نوع آیکون | زیرگروه‌ها | یادداشت حوزهٔ قضایی و منابع رسمی
current,doc-clinical-domain-cat-1,en,"Primary Care, OTC & First Aid",source-topics,True,True,"Primary Care, OTC & First Aid | ID | Title | Badge | Icon type | Subcategories | Jurisdiction note & official references"
current,doc-clinical-domain-cat-2,fa,دارودرمانی قلب، عروق و کلیه (Cardiovascular & Renal),source-topics,True,True,دارودرمانی قلب، عروق و کلیه (Cardiovascular & Renal) | شناسه | عنوان | برچسب | نوع آیکون | زیرگروه‌ها
current,doc-clinical-domain-cat-2,en,Cardiovascular & Renal Pharmacology,source-topics,True,True,Cardiovascular & Renal Pharmacology | ID | Title | Badge | Icon type | Subcategories
current,doc-clinical-domain-cat-3,fa,سیستم عصبی مرکزی و روانپزشکی (CNS & Mental Health),source-topics,True,True,سیستم عصبی مرکزی و روانپزشکی (CNS & Mental Health) | شناسه | عنوان | برچسب | نوع آیکون | زیرگروه‌ها
current,doc-clinical-domain-cat-3,en,Central Nervous System & Mental Health,source-topics,True,True,Central Nervous System & Mental Health | ID | Title | Badge | Icon type | Subcategories
current,doc-clinical-domain-cat-4,fa,بیماری‌های غدد، متابولیسم و استخوان (Endocrine & Metabolic),source-topics,True,True,بیماری‌های غدد، متابولیسم و استخوان (Endocrine & Metabolic) | شناسه | عنوان | برچسب | نوع آیکون | زیرگروه‌ها
current,doc-clinical-domain-cat-4,en,"Endocrine, Bone & Metabolic Diseases",source-topics,True,True,"Endocrine, Bone & Metabolic Diseases | ID | Title | Badge | Icon type | Subcategories"
current,doc-clinical-domain-cat-5,fa,داروهای ضدعفونت و ایمن‌سازی (Anti-Infectives & Immunisation),source-topics,True,True,داروهای ضدعفونت و ایمن‌سازی (Anti-Infectives & Immunisation) | شناسه | عنوان | برچسب | نوع آیکون | زیرگروه‌ها
current,doc-clinical-domain-cat-5,en,Anti-Infectives & Immunisation,source-topics,True,True,Anti-Infectives & Immunisation | ID | Title | Badge | Icon type | Subcategories
current,doc-study-track-track_1_otc_exam,fa,۱. مسیر پیشرفت علمی و آزمون جامع OTC,source-topics,True,True,۱. مسیر پیشرفت علمی و آزمون جامع OTC | شناسه | شمارهٔ مسیر | عنوان | زیرعنوان | توضیح | نام آیکون | برچسب | رنگ برچسب | درس اصلی | هدف یادگیری | مراحل یادگیری
current,doc-study-track-track_1_otc_exam,en,Track 1: OTC Comprehensive Clinical Exam Pathway,source-topics,True,True,Track 1: OTC Comprehensive Clinical Exam Pathway | ID | Track number | Title | Subtitle | Description | Icon name | Badge | Badge color | Primary module | Learning focus | Milestones
current,doc-study-track-track_2_general_practice,fa,۲. مسیر مقدماتی و پرکتیس عمومی داروخانه,source-topics,True,True,۲. مسیر مقدماتی و پرکتیس عمومی داروخانه | شناسه | شمارهٔ مسیر | عنوان | زیرعنوان | توضیح | نام آیکون | برچسب | رنگ برچسب | درس اصلی | هدف یادگیری | مراحل یادگیری
current,doc-study-track-track_2_general_practice,en,Track 2: General Community Pharmacy Practice,source-topics,True,True,Track 2: General Community Pharmacy Practice | ID | Track number | Title | Subtitle | Description | Icon name | Badge | Badge color | Primary module | Learning focus | Milestones
current,doc-study-track-track_3_oral_viva,fa,۳. مسیر شبیه‌ساز سوالات شفاهی (Oral / Viva Q&A),source-topics,True,True,۳. مسیر شبیه‌ساز سوالات شفاهی (Oral / Viva Q&A) | شناسه | شمارهٔ مسیر | عنوان | زیرعنوان | توضیح | نام آیکون | برچسب | رنگ برچسب | درس اصلی | هدف یادگیری | مراحل یادگیری
current,doc-study-track-track_3_oral_viva,en,Track 3: Pharmacist Oral & Viva Q&A Simulator,source-topics,True,True,Track 3: Pharmacist Oral & Viva Q&A Simulator | ID | Track number | Title | Subtitle | Description | Icon name | Badge | Badge color | Primary module | Learning focus | Milestones
current,doc-study-track-track_4_otc_pharma,fa,۴. مبانی علمی OTC و فارماکولوژی,source-topics,True,True,۴. مبانی علمی OTC و فارماکولوژی | شناسه | شمارهٔ مسیر | عنوان | زیرعنوان | توضیح | نام آیکون | برچسب | رنگ برچسب | درس اصلی | هدف یادگیری | مراحل یادگیری
current,doc-study-track-track_4_otc_pharma,en,Track 4: OTC Pharmacology & Drug Mechanisms,source-topics,True,True,Track 4: OTC Pharmacology & Drug Mechanisms | ID | Track number | Title | Subtitle | Description | Icon name | Badge | Badge color | Primary module | Learning focus | Milestones
current,doc-study-track-track_5_laws_dispense,fa,۵. قوانین، مقررات و فرآیندهای نسخه پیچی,source-topics,True,True,۵. قوانین، مقررات و فرآیندهای نسخه پیچی | شناسه | شمارهٔ مسیر | عنوان | زیرعنوان | توضیح | نام آیکون | برچسب | رنگ برچسب | درس اصلی | هدف یادگیری | مراحل یادگیری
current,doc-study-track-track_5_laws_dispense,en,"Track 5: Pharmacy Legislation, PBS Rules & Dispensing Flow",source-topics,True,True,"Track 5: Pharmacy Legislation, PBS Rules & Dispensing Flow | ID | Track number | Title | Subtitle | Description | Icon name | Badge | Badge color | Primary module | Learning focus | Milestones"
current,doc-practice-question-q1,fa,کدام نهاد در استرالیا مسئول ارزیابی مستقل اثربخشی بالینی و مقرون‌به‌صرفه بودن داروها جهت قرارگیری در لیست یارانه PBS است؟,source-topics,True,True,کدام نهاد در استرالیا مسئول ارزیابی مستقل اثربخشی بالینی و مقرون‌به‌صرفه بودن داروها جهت قرارگیری در لیست یارانه PBS است؟ | شناسه | شناسهٔ درس | پرسش | گزینه‌ها | شناسهٔ گزینهٔ درست | توضیح پاسخ
current,doc-practice-question-q1,en,Which independent statutory body in Australia evaluates the clinical efficacy and cost-effectiveness of medicines to recommend PBS listing?,source-topics,True,True,Which independent statutory body in Australia evaluates the clinical efficacy and cost-effectiveness of medicines to recommend PBS listing? | ID | Module ID | Question | Options | Correct option ID | Answer explanation
current,doc-practice-question-q2,fa,طبق قوانین استرالیا (SUSMP)، داروهای Schedule 3 در کدام طبقه قرار می‌گیرند و شرایط عرضه آن‌ها چیست؟,source-topics,True,True,طبق قوانین استرالیا (SUSMP)، داروهای Schedule 3 در کدام طبقه قرار می‌گیرند و شرایط عرضه آن‌ها چیست؟ | شناسه | شناسهٔ درس | پرسش | گزینه‌ها | شناسهٔ گزینهٔ درست | توضیح پاسخ
current,doc-practice-question-q2,en,"Under the Australian SUSMP, what is Schedule 3 classified as, and what is required for supply?",source-topics,True,True,"Under the Australian SUSMP, what is Schedule 3 classified as, and what is required for supply? | ID | Module ID | Question | Options | Correct option ID | Answer explanation"
current,doc-practice-question-q3,fa,در ایالت Western Australia (WA)، انبارگردانی فیزیکی دفترچه داروهای S8 (Controlled Drugs) با چه فرکانس زمانی اجباری است؟,source-topics,True,True,در ایالت Western Australia (WA)، انبارگردانی فیزیکی دفترچه داروهای S8 (Controlled Drugs) با چه فرکانس زمانی اجباری است؟ | شناسه | شناسهٔ درس | پرسش | گزینه‌ها | شناسهٔ گزینهٔ درست | توضیح پاسخ
current,doc-practice-question-q3,en,"In Western Australia (WA), how frequently must a physical stocktake of the Schedule 8 register be conducted?",source-topics,True,True,"In Western Australia (WA), how frequently must a physical stocktake of the Schedule 8 register be conducted? | ID | Module ID | Question | Options | Correct option ID | Answer explanation"
current,doc-practice-question-q4,fa,در مستندسازی BPMH (Best Possible Medication History)، چند مشخصه اجباری باید برای هر داروی مصرفی بیمار ثبت گردد؟,source-topics,True,True,در مستندسازی BPMH (Best Possible Medication History)، چند مشخصه اجباری باید برای هر داروی مصرفی بیمار ثبت گردد؟ | شناسه | شناسهٔ درس | پرسش | گزینه‌ها | شناسهٔ گزینهٔ درست | توضیح پاسخ
current,doc-practice-question-q4,en,"When documenting a patient’s BPMH, how many mandatory medication parameters must be recorded for each drug?",source-topics,True,True,"When documenting a patient’s BPMH, how many mandatory medication parameters must be recorded for each drug? | ID | Module ID | Question | Options | Correct option ID | Answer explanation"
current,doc-practice-question-q5,fa,در نگارش بخش بحث (Discussion) گزارش‌های پژوهشی، ساختار سه مرحله‌ای TED مخفف کدام یک از گزینه‌های زیر است؟,source-topics,True,True,در نگارش بخش بحث (Discussion) گزارش‌های پژوهشی، ساختار سه مرحله‌ای TED مخفف کدام یک از گزینه‌های زیر است؟ | شناسه | شناسهٔ درس | پرسش | گزینه‌ها | شناسهٔ گزینهٔ درست | توضیح پاسخ
current,doc-practice-question-q5,en,"In writing research report discussions, what does the golden 3-step TED acronym stand for?",source-topics,True,True,"In writing research report discussions, what does the golden 3-step TED acronym stand for? | ID | Module ID | Question | Options | Correct option ID | Answer explanation"
current,doc-practice-question-q6,fa,در سیستم نرم‌افزاری Fred Dispense، وارد کردن کد `5R` در بخش تکرار نسخه (Repeats) چه معنایی دارد؟,source-topics,True,True,در سیستم نرم‌افزاری Fred Dispense، وارد کردن کد `5R` در بخش تکرار نسخه (Repeats) چه معنایی دارد؟ | شناسه | شناسهٔ درس | پرسش | گزینه‌ها | شناسهٔ گزینهٔ درست | توضیح پاسخ
current,doc-practice-question-q6,en,"In Fred Dispense, entering the code `5R` in the repeats field signifies which dispensing method?",source-topics,True,True,"In Fred Dispense, entering the code `5R` in the repeats field signifies which dispensing method? | ID | Module ID | Question | Options | Correct option ID | Answer explanation"
current,doc-practice-question-q7,fa,علت جمع‌آوری کشوری فرآورده‌های حاوی فولکودین (Pholcodine) توسط سازمان TGA در استرالیا چه بود؟,source-topics,True,True,علت جمع‌آوری کشوری فرآورده‌های حاوی فولکودین (Pholcodine) توسط سازمان TGA در استرالیا چه بود؟ | شناسه | شناسهٔ درس | پرسش | گزینه‌ها | شناسهٔ گزینهٔ درست | توضیح پاسخ
current,doc-practice-question-q7,en,What was the primary clinical reason for the national TGA recall of Pholcodine-containing cough products in Australia?,source-topics,True,True,What was the primary clinical reason for the national TGA recall of Pholcodine-containing cough products in Australia? | ID | Module ID | Question | Options | Correct option ID | Answer explanation
